courseId,createdAt,finalScore,id,progressMetrics,studentId,totalTimeSpentMinutes,trend,updatedAt
CRS430230,2025-09-24T16:49:39.736716,65.9,sc_743182c4,"{""totalAssignments"": 20, ""completedAssignments"": 9, ""pendingAssignments"": 1, ""futureAssignments"": 10, ""availableAssignments"": 10, ""completionRate"": 90.0, ""weightedCompletion"": 47.0, ""overallProgressPercent"": 45.0, ""actualScoreFromCompletedWork"": 65.9, ""projectedFinalScore"": 65.6, ""onTrackStatus"": ""Ahead""}",925707456,2176,Steady,2025-09-24T16:49:39.736716
CRS446141,2025-09-24T16:49:39.736716,0.0,sc_9d8fc8b1,"{""totalAssignments"": 19, ""completedAssignments"": 0, ""pendingAssignments"": 0, ""futureAssignments"": 19, ""availableAssignments"": 0, ""completionRate"": 0, ""weightedCompletion"": 0.0, ""overallProgressPercent"": 0.0, ""actualScoreFromCompletedWork"": 0.0, ""projectedFinalScore"": 0.0, ""onTrackStatus"": ""Behind""}",925707456,0,,2025-09-24T16:49:39.736716
CRS831057,2025-09-24T16:49:39.736716,66.9,sc_de1c93b1,"{""totalAssignments"": 22, ""completedAssignments"": 11, ""pendingAssignments"": 0, ""futureAssignments"": 10, ""availableAssignments"": 12, ""completionRate"": 91.7, ""weightedCompletion"": 47.4, ""overallProgressPercent"": 50.0, ""actualScoreFromCompletedWork"": 66.9, ""projectedFinalScore"": 67.2, ""onTrackStatus"": ""Ahead""}",925707456,1359,Declining,2025-09-24T16:49:39.736716
CRS058797,2025-09-24T16:49:39.736716,0.0,sc_47b0cfa1,"{""totalAssignments"": 8, ""completedAssignments"": 0, ""pendingAssignments"": 0, ""futureAssignments"": 8, ""availableAssignments"": 0, ""completionRate"": 0, ""weightedCompletion"": 0.0, ""overallProgressPercent"": 0.0, ""actualScoreFromCompletedWork"": 0.0, ""projectedFinalScore"": 0.0, ""onTrackStatus"": ""Behind""}",925707456,0,,2025-09-24T16:49:39.736716
CRS652689,2025-09-24T16:49:39.736716,0.0,sc_eccf2000,"{""totalAssignments"": 14, ""completedAssignments"": 0, ""pendingAssignments"": 0, ""futureAssignments"": 14, ""availableAssignments"": 0, ""completionRate"": 0, ""weightedCompletion"": 0.0, ""overallProgressPercent"": 0.0, ""actualScoreFromCompletedWork"": 0.0, ""projectedFinalScore"": 0.0, ""onTrackStatus"": ""Behind""}",925707456,0,,2025-09-24T16:49:39.736716
CRS583398,2025-09-24T16:49:39.737721,70.6,sc_c3af9ab3,"{""totalAssignments"": 20, ""completedAssignments"": 9, ""pendingAssignments"": 2, ""futureAssignments"": 8, ""availableAssignments"": 12, ""completionRate"": 75.0, ""weightedCompletion"": 45.8, ""overallProgressPercent"": 45.0, ""actualScoreFromCompletedWork"": 70.6, ""projectedFinalScore"": 69.8, ""onTrackStatus"": ""On Track""}",925707456,1494,Steady,2025-09-24T16:49:39.737721
CRS430230,2025-09-24T16:49:39.737721,58.0,sc_9c72ebed,"{""totalAssignments"": 20, ""completedAssignments"": 5, ""pendingAssignments"": 2, ""futureAssignments"": 12, ""availableAssignments"": 8, ""completionRate"": 62.5, ""weightedCompletion"": 24.0, ""overallProgressPercent"": 25.0, ""actualScoreFromCompletedWork"": 58.0, ""projectedFinalScore"": 56.6, ""onTrackStatus"": ""Slightly Behind""}",585222042,1164,Improving,2025-09-24T16:49:39.737721
CRS446141,2025-09-24T16:49:39.737721,0.0,sc_b725046a,"{""totalAssignments"": 19, ""completedAssignments"": 0, ""pendingAssignments"": 0, ""futureAssignments"": 19, ""availableAssignments"": 0, ""completionRate"": 0, ""weightedCompletion"": 0.0, ""overallProgressPercent"": 0.0, ""actualScoreFromCompletedWork"": 0.0, ""projectedFinalScore"": 0.0, ""onTrackStatus"": ""Behind""}",585222042,0,,2025-09-24T16:49:39.737721
CRS652689,2025-09-24T16:49:39.737721,0.0,sc_72c21eaa,"{""totalAssignments"": 14, ""completedAssignments"": 0, ""pendingAssignments"": 0, ""futureAssignments"": 14, ""availableAssignments"": 0, ""completionRate"": 0, ""weightedCompletion"": 0.0, ""overallProgressPercent"": 0.0, ""actualScoreFromCompletedWork"": 0.0, ""projectedFinalScore"": 0.0, ""onTrackStatus"": ""Behind""}",585222042,0,,2025-09-24T16:49:39.737721
CRS583398,2025-09-24T16:49:39.737721,60.7,sc_e4406ba1,"{""totalAssignments"": 20, ""completedAssignments"": 7, ""pendingAssignments"": 0, ""futureAssignments"": 10, ""availableAssignments"": 10, ""completionRate"": 70.0, ""weightedCompletion"": 32.3, ""overallProgressPercent"": 35.0, ""actualScoreFromCompletedWork"": 60.7, ""projectedFinalScore"": 60.3, ""onTrackStatus"": ""On Track""}",585222042,728,Declining,2025-09-24T16:49:39.737721
CRS261592,2025-09-24T16:49:39.738750,63.1,sc_8490af65,"{""totalAssignments"": 16, ""completedAssignments"": 5, ""pendingAssignments"": 3, ""futureAssignments"": 6, ""availableAssignments"": 10, ""completionRate"": 50.0, ""weightedCompletion"": 32.4, ""overallProgressPercent"": 31.2, ""actualScoreFromCompletedWork"": 63.1, ""projectedFinalScore"": 58.7, ""onTrackStatus"": ""Slightly Behind""}",585222042,753,Steady,2025-09-24T16:49:39.738750
CRS831057,2025-09-24T16:49:39.738750,60.8,sc_d283b336,"{""totalAssignments"": 22, ""completedAssignments"": 7, ""pendingAssignments"": 3, ""futureAssignments"": 12, ""availableAssignments"": 10, ""completionRate"": 70.0, ""weightedCompletion"": 32.0, ""overallProgressPercent"": 31.8, ""actualScoreFromCompletedWork"": 60.8, ""projectedFinalScore"": 59.2, ""onTrackStatus"": ""On Track""}",585222042,736,Steady,2025-09-24T16:49:39.738750
CRS430230,2025-09-24T16:49:39.739386,80.2,sc_7e0feb49,"{""totalAssignments"": 20, ""completedAssignments"": 11, ""pendingAssignments"": 1, ""futureAssignments"": 10, ""availableAssignments"": 10, ""completionRate"": 110.0, ""weightedCompletion"": 57.0, ""overallProgressPercent"": 55.0, ""actualScoreFromCompletedWork"": 80.2, ""projectedFinalScore"": 80.2, ""onTrackStatus"": ""Ahead""}",657051563,2625,Steady,2025-09-24T16:49:39.739386
CRS446141,2025-09-24T16:49:39.739386,0.0,sc_d1bf231a,"{""totalAssignments"": 19, ""completedAssignments"": 0, ""pendingAssignments"": 0, ""futureAssignments"": 19, ""availableAssignments"": 0, ""completionRate"": 0, ""weightedCompletion"": 0.0, ""overallProgressPercent"": 0.0, ""actualScoreFromCompletedWork"": 0.0, ""projectedFinalScore"": 0.0, ""onTrackStatus"": ""Behind""}",657051563,0,,2025-09-24T16:49:39.739386
CRS058797,2025-09-24T16:49:39.739386,0.0,sc_78e9def3,"{""totalAssignments"": 8, ""completedAssignments"": 0, ""pendingAssignments"": 0, ""futureAssignments"": 8, ""availableAssignments"": 0, ""completionRate"": 0, ""weightedCompletion"": 0.0, ""overallProgressPercent"": 0.0, ""actualScoreFromCompletedWork"": 0.0, ""projectedFinalScore"": 0.0, ""onTrackStatus"": ""Behind""}",657051563,0,,2025-09-24T16:49:39.739386
CRS652689,2025-09-24T16:49:39.739386,0.0,sc_2901c3a8,"{""totalAssignments"": 14, ""completedAssignments"": 0, ""pendingAssignments"": 0, ""futureAssignments"": 14, ""availableAssignments"": 0, ""completionRate"": 0, ""weightedCompletion"": 0.0, ""overallProgressPercent"": 0.0, ""actualScoreFromCompletedWork"": 0.0, ""projectedFinalScore"": 0.0, ""onTrackStatus"": ""Behind""}",657051563,0,,2025-09-24T16:49:39.739386
CRS583398,2025-09-24T16:49:39.739651,100.0,sc_da697435,"{""totalAssignments"": 20, ""completedAssignments"": 11, ""pendingAssignments"": 1, ""futureAssignments"": 8, ""availableAssignments"": 12, ""completionRate"": 91.7, ""weightedCompletion"": 56.3, ""overallProgressPercent"": 55.0, ""actualScoreFromCompletedWork"": 100.0, ""projectedFinalScore"": 100.0, ""onTrackStatus"": ""Ahead""}",657051563,1834,Steady,2025-09-24T16:49:39.739651
CRS831057,2025-09-24T16:49:39.739915,82.8,sc_5bcf1b04,"{""totalAssignments"": 22, ""completedAssignments"": 12, ""pendingAssignments"": 1, ""futureAssignments"": 9, ""availableAssignments"": 13, ""completionRate"": 92.3, ""weightedCompletion"": 53.6, ""overallProgressPercent"": 54.5, ""actualScoreFromCompletedWork"": 82.8, ""projectedFinalScore"": 82.7, ""onTrackStatus"": ""Ahead""}",657051563,1481,Steady,2025-09-24T16:49:39.739915
CRS430230,2025-09-24T16:49:39.739915,65.7,sc_a7a40e56,"{""totalAssignments"": 20, ""completedAssignments"": 7, ""pendingAssignments"": 1, ""futureAssignments"": 10, ""availableAssignments"": 10, ""completionRate"": 70.0, ""weightedCompletion"": 38.0, ""overallProgressPercent"": 35.0, ""actualScoreFromCompletedWork"": 65.7, ""projectedFinalScore"": 65.8, ""onTrackStatus"": ""On Track""}",196116423,1588,Declining,2025-09-24T16:49:39.739915
CRS446141,2025-09-24T16:49:39.739915,0.0,sc_39626981,"{""totalAssignments"": 19, ""completedAssignments"": 0, ""pendingAssignments"": 0, ""futureAssignments"": 19, ""availableAssignments"": 0, ""completionRate"": 0, ""weightedCompletion"": 0.0, ""overallProgressPercent"": 0.0, ""actualScoreFromCompletedWork"": 0.0, ""projectedFinalScore"": 0.0, ""onTrackStatus"": ""Behind""}",196116423,0,,2025-09-24T16:49:39.739915
CRS261592,2025-09-24T16:49:39.739915,69.9,sc_4a980477,"{""totalAssignments"": 16, ""completedAssignments"": 9, ""pendingAssignments"": 1, ""futureAssignments"": 5, ""availableAssignments"": 11, ""completionRate"": 81.8, ""weightedCompletion"": 60.3, ""overallProgressPercent"": 56.2, ""actualScoreFromCompletedWork"": 69.9, ""projectedFinalScore"": 69.1, ""onTrackStatus"": ""On Track""}",196116423,1966,Steady,2025-09-24T16:49:39.739915
CRS831057,2025-09-24T16:49:39.740966,70.9,sc_7ca5217e,"{""totalAssignments"": 22, ""completedAssignments"": 7, ""pendingAssignments"": 1, ""futureAssignments"": 9, ""availableAssignments"": 13, ""completionRate"": 53.8, ""weightedCompletion"": 29.9, ""overallProgressPercent"": 31.8, ""actualScoreFromCompletedWork"": 70.9, ""projectedFinalScore"": 68.2, ""onTrackStatus"": ""Slightly Behind""}",196116423,841,Steady,2025-09-24T16:49:39.740966
CRS058797,2025-09-24T16:49:39.740966,0.0,sc_ac765c3e,"{""totalAssignments"": 8, ""completedAssignments"": 0, ""pendingAssignments"": 0, ""futureAssignments"": 8, ""availableAssignments"": 0, ""completionRate"": 0, ""weightedCompletion"": 0.0, ""overallProgressPercent"": 0.0, ""actualScoreFromCompletedWork"": 0.0, ""projectedFinalScore"": 0.0, ""onTrackStatus"": ""Behind""}",196116423,0,,2025-09-24T16:49:39.740966
CRS652689,2025-09-24T16:49:39.740966,0.0,sc_545ce551,"{""totalAssignments"": 14, ""completedAssignments"": 0, ""pendingAssignments"": 0, ""futureAssignments"": 14, ""availableAssignments"": 0, ""completionRate"": 0, ""weightedCompletion"": 0.0, ""overallProgressPercent"": 0.0, ""actualScoreFromCompletedWork"": 0.0, ""projectedFinalScore"": 0.0, ""onTrackStatus"": ""Behind""}",196116423,0,,2025-09-24T16:49:39.740966
CRS583398,2025-09-24T16:49:39.740966,79.4,sc_0c580d07,"{""totalAssignments"": 20, ""completedAssignments"": 8, ""pendingAssignments"": 1, ""futureAssignments"": 6, ""availableAssignments"": 14, ""completionRate"": 57.1, ""weightedCompletion"": 39.6, ""overallProgressPercent"": 40.0, ""actualScoreFromCompletedWork"": 79.4, ""projectedFinalScore"": 77.4, ""onTrackStatus"": ""Slightly Behind""}",196116423,1315,Steady,2025-09-24T16:49:39.740966
CRS430230,2025-09-24T16:49:39.740966,79.1,sc_21236a31,"{""totalAssignments"": 20, ""completedAssignments"": 10, ""pendingAssignments"": 1, ""futureAssignments"": 8, ""availableAssignments"": 12, ""completionRate"": 83.3, ""weightedCompletion"": 53.0, ""overallProgressPercent"": 50.0, ""actualScoreFromCompletedWork"": 79.1, ""projectedFinalScore"": 79.1, ""onTrackStatus"": ""On Track""}",952572162,2511,Improving,2025-09-24T16:49:39.740966
CRS446141,2025-09-24T16:49:39.740966,0.0,sc_c8653023,"{""totalAssignments"": 19, ""completedAssignments"": 0, ""pendingAssignments"": 0, ""futureAssignments"": 19, ""availableAssignments"": 0, ""completionRate"": 0, ""weightedCompletion"": 0.0, ""overallProgressPercent"": 0.0, ""actualScoreFromCompletedWork"": 0.0, ""projectedFinalScore"": 0.0, ""onTrackStatus"": ""Behind""}",952572162,0,,2025-09-24T16:49:39.740966
CRS831057,2025-09-24T16:49:39.742111,81.1,sc_2308d645,"{""totalAssignments"": 22, ""completedAssignments"": 13, ""pendingAssignments"": 0, ""futureAssignments"": 9, ""availableAssignments"": 13, ""completionRate"": 100.0, ""weightedCompletion"": 57.7, ""overallProgressPercent"": 59.1, ""actualScoreFromCompletedWork"": 81.1, ""projectedFinalScore"": 81.1, ""onTrackStatus"": ""Ahead""}",952572162,1492,Steady,2025-09-24T16:49:39.742111
CRS058797,2025-09-24T16:49:39.742111,0.0,sc_05b325cb,"{""totalAssignments"": 8, ""completedAssignments"": 0, ""pendingAssignments"": 0, ""futureAssignments"": 8, ""availableAssignments"": 0, ""completionRate"": 0, ""weightedCompletion"": 0.0, ""overallProgressPercent"": 0.0, ""actualScoreFromCompletedWork"": 0.0, ""projectedFinalScore"": 0.0, ""onTrackStatus"": ""Behind""}",952572162,0,,2025-09-24T16:49:39.742111
CRS652689,2025-09-24T16:49:39.742111,0.0,sc_9a1f5719,"{""totalAssignments"": 14, ""completedAssignments"": 0, ""pendingAssignments"": 0, ""futureAssignments"": 14, ""availableAssignments"": 0, ""completionRate"": 0, ""weightedCompletion"": 0.0, ""overallProgressPercent"": 0.0, ""actualScoreFromCompletedWork"": 0.0, ""projectedFinalScore"": 0.0, ""onTrackStatus"": ""Behind""}",952572162,0,,2025-09-24T16:49:39.742111
CRS583398,2025-09-24T16:49:39.742111,100.0,sc_17da1f57,"{""totalAssignments"": 20, ""completedAssignments"": 12, ""pendingAssignments"": 0, ""futureAssignments"": 8, ""availableAssignments"": 12, ""completionRate"": 100.0, ""weightedCompletion"": 60.4, ""overallProgressPercent"": 60.0, ""actualScoreFromCompletedWork"": 100.0, ""projectedFinalScore"": 100.0, ""onTrackStatus"": ""Ahead""}",952572162,1926,Steady,2025-09-24T16:49:39.742111
CRS261592,2025-09-24T16:49:39.742111,82.5,sc_60241f5f,"{""totalAssignments"": 16, ""completedAssignments"": 10, ""pendingAssignments"": 1, ""futureAssignments"": 5, ""availableAssignments"": 11, ""completionRate"": 90.9, ""weightedCompletion"": 67.6, ""overallProgressPercent"": 62.5, ""actualScoreFromCompletedWork"": 82.5, ""projectedFinalScore"": 82.1, ""onTrackStatus"": ""Ahead""}",952572162,2052,Steady,2025-09-24T16:49:39.742111
CRS430230,2025-09-24T16:49:39.742111,60.4,sc_2c783614,"{""totalAssignments"": 20, ""completedAssignments"": 6, ""pendingAssignments"": 4, ""futureAssignments"": 8, ""availableAssignments"": 12, ""completionRate"": 50.0, ""weightedCompletion"": 32.0, ""overallProgressPercent"": 30.0, ""actualScoreFromCompletedWork"": 60.4, ""projectedFinalScore"": 59.2, ""onTrackStatus"": ""Slightly Behind""}",851780651,1499,Steady,2025-09-24T16:49:39.742111
CRS446141,2025-09-24T16:49:39.742111,0.0,sc_3467849b,"{""totalAssignments"": 19, ""completedAssignments"": 0, ""pendingAssignments"": 0, ""futureAssignments"": 19, ""availableAssignments"": 0, ""completionRate"": 0, ""weightedCompletion"": 0.0, ""overallProgressPercent"": 0.0, ""actualScoreFromCompletedWork"": 0.0, ""projectedFinalScore"": 0.0, ""onTrackStatus"": ""Behind""}",851780651,0,,2025-09-24T16:49:39.742111
CRS261592,2025-09-24T16:49:39.742111,60.4,sc_56c7a9b8,"{""totalAssignments"": 16, ""completedAssignments"": 7, ""pendingAssignments"": 1, ""futureAssignments"": 7, ""availableAssignments"": 9, ""completionRate"": 77.8, ""weightedCompletion"": 45.6, ""overallProgressPercent"": 43.8, ""actualScoreFromCompletedWork"": 60.4, ""projectedFinalScore"": 60.4, ""onTrackStatus"": ""On Track""}",851780651,1397,Steady,2025-09-24T16:49:39.742111
CRS058797,2025-09-24T16:49:39.742111,0.0,sc_08d314d0,"{""totalAssignments"": 8, ""completedAssignments"": 0, ""pendingAssignments"": 0, ""futureAssignments"": 8, ""availableAssignments"": 0, ""completionRate"": 0, ""weightedCompletion"": 0.0, ""overallProgressPercent"": 0.0, ""actualScoreFromCompletedWork"": 0.0, ""projectedFinalScore"": 0.0, ""onTrackStatus"": ""Behind""}",851780651,0,,2025-09-24T16:49:39.742111
CRS652689,2025-09-24T16:49:39.742111,0.0,sc_0a97b410,"{""totalAssignments"": 14, ""completedAssignments"": 0, ""pendingAssignments"": 0, ""futureAssignments"": 14, ""availableAssignments"": 0, ""completionRate"": 0, ""weightedCompletion"": 0.0, ""overallProgressPercent"": 0.0, ""actualScoreFromCompletedWork"": 0.0, ""projectedFinalScore"": 0.0, ""onTrackStatus"": ""Behind""}",851780651,0,,2025-09-24T16:49:39.742111
CRS583398,2025-09-24T16:49:39.742111,56.9,sc_d54fadd8,"{""totalAssignments"": 20, ""completedAssignments"": 8, ""pendingAssignments"": 1, ""futureAssignments"": 10, ""availableAssignments"": 10, ""completionRate"": 80.0, ""weightedCompletion"": 39.6, ""overallProgressPercent"": 40.0, ""actualScoreFromCompletedWork"": 56.9, ""projectedFinalScore"": 56.9, ""onTrackStatus"": ""On Track""}",851780651,1367,Steady,2025-09-24T16:49:39.742111
CRS831057,2025-09-24T16:49:39.744113,64.9,sc_7efebf0f,"{""totalAssignments"": 22, ""completedAssignments"": 4, ""pendingAssignments"": 3, ""futureAssignments"": 10, ""availableAssignments"": 12, ""completionRate"": 33.3, ""weightedCompletion"": 13.4, ""overallProgressPercent"": 18.2, ""actualScoreFromCompletedWork"": 64.9, ""projectedFinalScore"": 59.6, ""onTrackStatus"": ""Behind""}",851780651,208,Declining,2025-09-24T16:49:39.744113
CRS430230,2025-09-24T16:49:39.744113,80.5,sc_67949bd3,"{""totalAssignments"": 20, ""completedAssignments"": 10, ""pendingAssignments"": 1, ""futureAssignments"": 10, ""availableAssignments"": 10, ""completionRate"": 100.0, ""weightedCompletion"": 53.0, ""overallProgressPercent"": 50.0, ""actualScoreFromCompletedWork"": 80.5, ""projectedFinalScore"": 80.5, ""onTrackStatus"": ""Ahead""}",480270549,2473,Steady,2025-09-24T16:49:39.744113
CRS446141,2025-09-24T16:49:39.744113,0.0,sc_e69df76a,"{""totalAssignments"": 19, ""completedAssignments"": 0, ""pendingAssignments"": 0, ""futureAssignments"": 19, ""availableAssignments"": 0, ""completionRate"": 0, ""weightedCompletion"": 0.0, ""overallProgressPercent"": 0.0, ""actualScoreFromCompletedWork"": 0.0, ""projectedFinalScore"": 0.0, ""onTrackStatus"": ""Behind""}",480270549,0,,2025-09-24T16:49:39.744113
CRS831057,2025-09-24T16:49:39.744113,77.3,sc_a8b19f68,"{""totalAssignments"": 22, ""completedAssignments"": 12, ""pendingAssignments"": 0, ""futureAssignments"": 10, ""availableAssignments"": 12, ""completionRate"": 100.0, ""weightedCompletion"": 53.6, ""overallProgressPercent"": 54.5, ""actualScoreFromCompletedWork"": 77.3, ""projectedFinalScore"": 77.3, ""onTrackStatus"": ""Ahead""}",480270549,1385,Steady,2025-09-24T16:49:39.744113
CRS652689,2025-09-24T16:49:39.744113,0.0,sc_8b58b52b,"{""totalAssignments"": 14, ""completedAssignments"": 0, ""pendingAssignments"": 0, ""futureAssignments"": 14, ""availableAssignments"": 0, ""completionRate"": 0, ""weightedCompletion"": 0.0, ""overallProgressPercent"": 0.0, ""actualScoreFromCompletedWork"": 0.0, ""projectedFinalScore"": 0.0, ""onTrackStatus"": ""Behind""}",480270549,0,,2025-09-24T16:49:39.744113
CRS583398,2025-09-24T16:49:39.744113,60.2,sc_e57acc58,"{""totalAssignments"": 20, ""completedAssignments"": 12, ""pendingAssignments"": 0, ""futureAssignments"": 8, ""availableAssignments"": 12, ""completionRate"": 100.0, ""weightedCompletion"": 60.4, ""overallProgressPercent"": 60.0, ""actualScoreFromCompletedWork"": 60.2, ""projectedFinalScore"": 60.2, ""onTrackStatus"": ""Ahead""}",480270549,1737,Steady,2025-09-24T16:49:39.744113
CRS261592,2025-09-24T16:49:39.744113,81.5,sc_2e009807,"{""totalAssignments"": 16, ""completedAssignments"": 10, ""pendingAssignments"": 2, ""futureAssignments"": 5, ""availableAssignments"": 11, ""completionRate"": 90.9, ""weightedCompletion"": 64.7, ""overallProgressPercent"": 62.5, ""actualScoreFromCompletedWork"": 81.5, ""projectedFinalScore"": 80.3, ""onTrackStatus"": ""Ahead""}",480270549,1738,Steady,2025-09-24T16:49:39.744113
CRS058797,2025-09-24T16:49:39.744113,0.0,sc_941acb75,"{""totalAssignments"": 8, ""completedAssignments"": 0, ""pendingAssignments"": 0, ""futureAssignments"": 8, ""availableAssignments"": 0, ""completionRate"": 0, ""weightedCompletion"": 0.0, ""overallProgressPercent"": 0.0, ""actualScoreFromCompletedWork"": 0.0, ""projectedFinalScore"": 0.0, ""onTrackStatus"": ""Behind""}",480270549,0,,2025-09-24T16:49:39.744113
CRS430230,2025-09-24T16:49:39.744113,60.3,sc_e556136c,"{""totalAssignments"": 20, ""completedAssignments"": 9, ""pendingAssignments"": 0, ""futureAssignments"": 12, ""availableAssignments"": 8, ""completionRate"": 112.5, ""weightedCompletion"": 49.0, ""overallProgressPercent"": 45.0, ""actualScoreFromCompletedWork"": 60.3, ""projectedFinalScore"": 60.3, ""onTrackStatus"": ""Ahead""}",288594507,2300,Steady,2025-09-24T16:49:39.744113
CRS446141,2025-09-24T16:49:39.744113,0.0,sc_ec18cb04,"{""totalAssignments"": 19, ""completedAssignments"": 0, ""pendingAssignments"": 0, ""futureAssignments"": 19, ""availableAssignments"": 0, ""completionRate"": 0, ""weightedCompletion"": 0.0, ""overallProgressPercent"": 0.0, ""actualScoreFromCompletedWork"": 0.0, ""projectedFinalScore"": 0.0, ""onTrackStatus"": ""Behind""}",288594507,0,,2025-09-24T16:49:39.744113
CRS261592,2025-09-24T16:49:39.746110,55.9,sc_4496e70c,"{""totalAssignments"": 16, ""completedAssignments"": 7, ""pendingAssignments"": 1, ""futureAssignments"": 6, ""availableAssignments"": 10, ""completionRate"": 70.0, ""weightedCompletion"": 45.6, ""overallProgressPercent"": 43.8, ""actualScoreFromCompletedWork"": 55.9, ""projectedFinalScore"": 55.9, ""onTrackStatus"": ""On Track""}",288594507,1421,Steady,2025-09-24T16:49:39.746110
CRS831057,2025-09-24T16:49:39.746110,61.6,sc_1ca9f930,"{""totalAssignments"": 22, ""completedAssignments"": 7, ""pendingAssignments"": 2, ""futureAssignments"": 10, ""availableAssignments"": 12, ""completionRate"": 58.3, ""weightedCompletion"": 30.9, ""overallProgressPercent"": 31.8, ""actualScoreFromCompletedWork"": 61.6, ""projectedFinalScore"": 61.9, ""onTrackStatus"": ""Slightly Behind""}",288594507,632,Steady,2025-09-24T16:49:39.746110
CRS058797,2025-09-24T16:49:39.746110,0.0,sc_f419ffa9,"{""totalAssignments"": 8, ""completedAssignments"": 0, ""pendingAssignments"": 0, ""futureAssignments"": 8, ""availableAssignments"": 0, ""completionRate"": 0, ""weightedCompletion"": 0.0, ""overallProgressPercent"": 0.0, ""actualScoreFromCompletedWork"": 0.0, ""projectedFinalScore"": 0.0, ""onTrackStatus"": ""Behind""}",288594507,0,,2025-09-24T16:49:39.746110
CRS652689,2025-09-24T16:49:39.746110,0.0,sc_302cf411,"{""totalAssignments"": 14, ""completedAssignments"": 0, ""pendingAssignments"": 0, ""futureAssignments"": 14, ""availableAssignments"": 0, ""completionRate"": 0, ""weightedCompletion"": 0.0, ""overallProgressPercent"": 0.0, ""actualScoreFromCompletedWork"": 0.0, ""projectedFinalScore"": 0.0, ""onTrackStatus"": ""Behind""}",288594507,0,,2025-09-24T16:49:39.746110
CRS583398,2025-09-24T16:49:39.746110,40.9,sc_8b2ecce8,"{""totalAssignments"": 20, ""completedAssignments"": 4, ""pendingAssignments"": 4, ""futureAssignments"": 10, ""availableAssignments"": 10, ""completionRate"": 40.0, ""weightedCompletion"": 17.7, ""overallProgressPercent"": 20.0, ""actualScoreFromCompletedWork"": 40.9, ""projectedFinalScore"": 41.0, ""onTrackStatus"": ""Behind""}",288594507,411,Steady,2025-09-24T16:49:39.746110
CRS430230,2025-09-24T16:49:39.746110,80.3,sc_93c3a732,"{""totalAssignments"": 20, ""completedAssignments"": 8, ""pendingAssignments"": 0, ""futureAssignments"": 8, ""availableAssignments"": 12, ""completionRate"": 66.7, ""weightedCompletion"": 42.0, ""overallProgressPercent"": 40.0, ""actualScoreFromCompletedWork"": 80.3, ""projectedFinalScore"": 81.0, ""onTrackStatus"": ""Slightly Behind""}",300007546,1589,Improving,2025-09-24T16:49:39.746110
CRS446141,2025-09-24T16:49:39.746110,0.0,sc_0025ed35,"{""totalAssignments"": 19, ""completedAssignments"": 0, ""pendingAssignments"": 0, ""futureAssignments"": 19, ""availableAssignments"": 0, ""completionRate"": 0, ""weightedCompletion"": 0.0, ""overallProgressPercent"": 0.0, ""actualScoreFromCompletedWork"": 0.0, ""projectedFinalScore"": 0.0, ""onTrackStatus"": ""Behind""}",300007546,0,,2025-09-24T16:49:39.746110
CRS831057,2025-09-24T16:49:39.746110,83.4,sc_42cdd05c,"{""totalAssignments"": 22, ""completedAssignments"": 10, ""pendingAssignments"": 2, ""futureAssignments"": 9, ""availableAssignments"": 13, ""completionRate"": 76.9, ""weightedCompletion"": 45.4, ""overallProgressPercent"": 45.5, ""actualScoreFromCompletedWork"": 83.4, ""projectedFinalScore"": 83.4, ""onTrackStatus"": ""On Track""}",300007546,1038,Steady,2025-09-24T16:49:39.746110
CRS058797,2025-09-24T16:49:39.746110,0.0,sc_f3740e6d,"{""totalAssignments"": 8, ""completedAssignments"": 0, ""pendingAssignments"": 0, ""futureAssignments"": 8, ""availableAssignments"": 0, ""completionRate"": 0, ""weightedCompletion"": 0.0, ""overallProgressPercent"": 0.0, ""actualScoreFromCompletedWork"": 0.0, ""projectedFinalScore"": 0.0, ""onTrackStatus"": ""Behind""}",300007546,0,,2025-09-24T16:49:39.746110
CRS652689,2025-09-24T16:49:39.746110,0.0,sc_bf6da26c,"{""totalAssignments"": 14, ""completedAssignments"": 0, ""pendingAssignments"": 0, ""futureAssignments"": 14, ""availableAssignments"": 0, ""completionRate"": 0, ""weightedCompletion"": 0.0, ""overallProgressPercent"": 0.0, ""actualScoreFromCompletedWork"": 0.0, ""projectedFinalScore"": 0.0, ""onTrackStatus"": ""Behind""}",300007546,0,,2025-09-24T16:49:39.746110
CRS583398,2025-09-24T16:49:39.746110,80.7,sc_f45ed699,"{""totalAssignments"": 20, ""completedAssignments"": 11, ""pendingAssignments"": 0, ""futureAssignments"": 10, ""availableAssignments"": 10, ""completionRate"": 110.0, ""weightedCompletion"": 54.2, ""overallProgressPercent"": 55.0, ""actualScoreFromCompletedWork"": 80.7, ""projectedFinalScore"": 80.7, ""onTrackStatus"": ""Ahead""}",300007546,1646,Steady,2025-09-24T16:49:39.746110
CRS261592,2025-09-24T16:49:39.748110,77.4,sc_ed9b929b,"{""totalAssignments"": 16, ""completedAssignments"": 10, ""pendingAssignments"": 1, ""futureAssignments"": 5, ""availableAssignments"": 11, ""completionRate"": 90.9, ""weightedCompletion"": 66.2, ""overallProgressPercent"": 62.5, ""actualScoreFromCompletedWork"": 77.4, ""projectedFinalScore"": 77.2, ""onTrackStatus"": ""Ahead""}",300007546,2249,Improving,2025-09-24T16:49:39.748110
CRS430230,2025-09-24T16:49:39.748110,72.6,sc_1499d720,"{""totalAssignments"": 20, ""completedAssignments"": 4, ""pendingAssignments"": 4, ""futureAssignments"": 10, ""availableAssignments"": 10, ""completionRate"": 40.0, ""weightedCompletion"": 23.0, ""overallProgressPercent"": 20.0, ""actualScoreFromCompletedWork"": 72.6, ""projectedFinalScore"": 69.7, ""onTrackStatus"": ""Behind""}",883973174,970,Steady,2025-09-24T16:49:39.748110
CRS446141,2025-09-24T16:49:39.748110,0.0,sc_7aeafa48,"{""totalAssignments"": 19, ""completedAssignments"": 0, ""pendingAssignments"": 0, ""futureAssignments"": 19, ""availableAssignments"": 0, ""completionRate"": 0, ""weightedCompletion"": 0.0, ""overallProgressPercent"": 0.0, ""actualScoreFromCompletedWork"": 0.0, ""projectedFinalScore"": 0.0, ""onTrackStatus"": ""Behind""}",883973174,0,,2025-09-24T16:49:39.748110
CRS831057,2025-09-24T16:49:39.748596,70.6,sc_222fed4c,"{""totalAssignments"": 22, ""completedAssignments"": 10, ""pendingAssignments"": 1, ""futureAssignments"": 7, ""availableAssignments"": 15, ""completionRate"": 66.7, ""weightedCompletion"": 44.3, ""overallProgressPercent"": 45.5, ""actualScoreFromCompletedWork"": 70.6, ""projectedFinalScore"": 69.4, ""onTrackStatus"": ""Slightly Behind""}",883973174,1426,Steady,2025-09-24T16:49:39.748596
CRS652689,2025-09-24T16:49:39.748596,0.0,sc_322ed1ab,"{""totalAssignments"": 14, ""completedAssignments"": 0, ""pendingAssignments"": 0, ""futureAssignments"": 14, ""availableAssignments"": 0, ""completionRate"": 0, ""weightedCompletion"": 0.0, ""overallProgressPercent"": 0.0, ""actualScoreFromCompletedWork"": 0.0, ""projectedFinalScore"": 0.0, ""onTrackStatus"": ""Behind""}",883973174,0,,2025-09-24T16:49:39.748596
CRS583398,2025-09-24T16:49:39.748596,69.4,sc_c4c92bb7,"{""totalAssignments"": 20, ""completedAssignments"": 8, ""pendingAssignments"": 3, ""futureAssignments"": 8, ""availableAssignments"": 12, ""completionRate"": 66.7, ""weightedCompletion"": 39.6, ""overallProgressPercent"": 40.0, ""actualScoreFromCompletedWork"": 69.4, ""projectedFinalScore"": 68.5, ""onTrackStatus"": ""Slightly Behind""}",883973174,1324,Improving,2025-09-24T16:49:39.748596
CRS261592,2025-09-24T16:49:39.748596,71.8,sc_10ee5453,"{""totalAssignments"": 16, ""completedAssignments"": 7, ""pendingAssignments"": 3, ""futureAssignments"": 2, ""availableAssignments"": 14, ""completionRate"": 50.0, ""weightedCompletion"": 50.0, ""overallProgressPercent"": 43.8, ""actualScoreFromCompletedWork"": 71.8, ""projectedFinalScore"": 69.5, ""onTrackStatus"": ""Slightly Behind""}",883973174,1703,Improving,2025-09-24T16:49:39.748596
CRS058797,2025-09-24T16:49:39.748596,0.0,sc_13f5bf8a,"{""totalAssignments"": 8, ""completedAssignments"": 0, ""pendingAssignments"": 0, ""futureAssignments"": 8, ""availableAssignments"": 0, ""completionRate"": 0, ""weightedCompletion"": 0.0, ""overallProgressPercent"": 0.0, ""actualScoreFromCompletedWork"": 0.0, ""projectedFinalScore"": 0.0, ""onTrackStatus"": ""Behind""}",883973174,0,,2025-09-24T16:49:39.748596
CRS430230,2025-09-24T16:49:39.749595,81.3,sc_055266dd,"{""totalAssignments"": 20, ""completedAssignments"": 9, ""pendingAssignments"": 1, ""futureAssignments"": 8, ""availableAssignments"": 12, ""completionRate"": 75.0, ""weightedCompletion"": 47.0, ""overallProgressPercent"": 45.0, ""actualScoreFromCompletedWork"": 81.3, ""projectedFinalScore"": 79.8, ""onTrackStatus"": ""On Track""}",688424306,2190,Declining,2025-09-24T16:49:39.749595
CRS446141,2025-09-24T16:49:39.749595,0.0,sc_09e496d5,"{""totalAssignments"": 19, ""completedAssignments"": 0, ""pendingAssignments"": 0, ""futureAssignments"": 19, ""availableAssignments"": 0, ""completionRate"": 0, ""weightedCompletion"": 0.0, ""overallProgressPercent"": 0.0, ""actualScoreFromCompletedWork"": 0.0, ""projectedFinalScore"": 0.0, ""onTrackStatus"": ""Behind""}",688424306,0,,2025-09-24T16:49:39.749595
CRS652689,2025-09-24T16:49:39.749595,0.0,sc_2f1038ab,"{""totalAssignments"": 14, ""completedAssignments"": 0, ""pendingAssignments"": 0, ""futureAssignments"": 14, ""availableAssignments"": 0, ""completionRate"": 0, ""weightedCompletion"": 0.0, ""overallProgressPercent"": 0.0, ""actualScoreFromCompletedWork"": 0.0, ""projectedFinalScore"": 0.0, ""onTrackStatus"": ""Behind""}",688424306,0,,2025-09-24T16:49:39.749595
CRS583398,2025-09-24T16:49:39.749595,78.9,sc_95e59b9c,"{""totalAssignments"": 20, ""completedAssignments"": 12, ""pendingAssignments"": 0, ""futureAssignments"": 7, ""availableAssignments"": 13, ""completionRate"": 92.3, ""weightedCompletion"": 60.4, ""overallProgressPercent"": 60.0, ""actualScoreFromCompletedWork"": 78.9, ""projectedFinalScore"": 78.6, ""onTrackStatus"": ""Ahead""}",688424306,1840,Declining,2025-09-24T16:49:39.749595
CRS831057,2025-09-24T16:49:39.749595,79.5,sc_207d3e47,"{""totalAssignments"": 22, ""completedAssignments"": 13, ""pendingAssignments"": 1, ""futureAssignments"": 9, ""availableAssignments"": 13, ""completionRate"": 100.0, ""weightedCompletion"": 57.7, ""overallProgressPercent"": 59.1, ""actualScoreFromCompletedWork"": 79.5, ""projectedFinalScore"": 79.5, ""onTrackStatus"": ""Ahead""}",688424306,1817,Steady,2025-09-24T16:49:39.749595
CRS430230,2025-09-24T16:49:39.750594,63.2,sc_7bc8d217,"{""totalAssignments"": 20, ""completedAssignments"": 5, ""pendingAssignments"": 2, ""futureAssignments"": 8, ""availableAssignments"": 12, ""completionRate"": 41.7, ""weightedCompletion"": 25.0, ""overallProgressPercent"": 25.0, ""actualScoreFromCompletedWork"": 63.2, ""projectedFinalScore"": 61.2, ""onTrackStatus"": ""Behind""}",640614970,900,Steady,2025-09-24T16:49:39.750594
CRS446141,2025-09-24T16:49:39.750594,0.0,sc_036f25a2,"{""totalAssignments"": 19, ""completedAssignments"": 0, ""pendingAssignments"": 0, ""futureAssignments"": 19, ""availableAssignments"": 0, ""completionRate"": 0, ""weightedCompletion"": 0.0, ""overallProgressPercent"": 0.0, ""actualScoreFromCompletedWork"": 0.0, ""projectedFinalScore"": 0.0, ""onTrackStatus"": ""Behind""}",640614970,0,,2025-09-24T16:49:39.750594
CRS261592,2025-09-24T16:49:39.750594,61.3,sc_b18e3045,"{""totalAssignments"": 16, ""completedAssignments"": 6, ""pendingAssignments"": 4, ""futureAssignments"": 7, ""availableAssignments"": 9, ""completionRate"": 66.7, ""weightedCompletion"": 42.6, ""overallProgressPercent"": 37.5, ""actualScoreFromCompletedWork"": 61.3, ""projectedFinalScore"": 60.8, ""onTrackStatus"": ""Slightly Behind""}",640614970,982,Improving,2025-09-24T16:49:39.750594
CRS831057,2025-09-24T16:49:39.750594,62.3,sc_8767938a,"{""totalAssignments"": 22, ""completedAssignments"": 9, ""pendingAssignments"": 1, ""futureAssignments"": 12, ""availableAssignments"": 10, ""completionRate"": 90.0, ""weightedCompletion"": 36.1, ""overallProgressPercent"": 40.9, ""actualScoreFromCompletedWork"": 62.3, ""projectedFinalScore"": 61.6, ""onTrackStatus"": ""Ahead""}",640614970,715,Steady,2025-09-24T16:49:39.750594
CRS652689,2025-09-24T16:49:39.750594,0.0,sc_5dfa06cc,"{""totalAssignments"": 14, ""completedAssignments"": 0, ""pendingAssignments"": 0, ""futureAssignments"": 14, ""availableAssignments"": 0, ""completionRate"": 0, ""weightedCompletion"": 0.0, ""overallProgressPercent"": 0.0, ""actualScoreFromCompletedWork"": 0.0, ""projectedFinalScore"": 0.0, ""onTrackStatus"": ""Behind""}",640614970,0,,2025-09-24T16:49:39.750594
CRS583398,2025-09-24T16:49:39.751594,62.0,sc_23bd924c,"{""totalAssignments"": 20, ""completedAssignments"": 8, ""pendingAssignments"": 2, ""futureAssignments"": 12, ""availableAssignments"": 8, ""completionRate"": 100.0, ""weightedCompletion"": 40.6, ""overallProgressPercent"": 40.0, ""actualScoreFromCompletedWork"": 62.0, ""projectedFinalScore"": 61.9, ""onTrackStatus"": ""Ahead""}",640614970,1298,Steady,2025-09-24T16:49:39.751594
CRS058797,2025-09-24T16:49:39.751594,0.0,sc_70abca32,"{""totalAssignments"": 8, ""completedAssignments"": 0, ""pendingAssignments"": 0, ""futureAssignments"": 8, ""availableAssignments"": 0, ""completionRate"": 0, ""weightedCompletion"": 0.0, ""overallProgressPercent"": 0.0, ""actualScoreFromCompletedWork"": 0.0, ""projectedFinalScore"": 0.0, ""onTrackStatus"": ""Behind""}",640614970,0,,2025-09-24T16:49:39.751594
CRS430230,2025-09-24T16:49:39.751594,78.8,sc_4bf146a6,"{""totalAssignments"": 20, ""completedAssignments"": 10, ""pendingAssignments"": 1, ""futureAssignments"": 10, ""availableAssignments"": 10, ""completionRate"": 100.0, ""weightedCompletion"": 53.0, ""overallProgressPercent"": 50.0, ""actualScoreFromCompletedWork"": 78.8, ""projectedFinalScore"": 78.8, ""onTrackStatus"": ""Ahead""}",744847730,2436,Steady,2025-09-24T16:49:39.751594
CRS446141,2025-09-24T16:49:39.751594,0.0,sc_dd03c8ce,"{""totalAssignments"": 19, ""completedAssignments"": 0, ""pendingAssignments"": 0, ""futureAssignments"": 19, ""availableAssignments"": 0, ""completionRate"": 0, ""weightedCompletion"": 0.0, ""overallProgressPercent"": 0.0, ""actualScoreFromCompletedWork"": 0.0, ""projectedFinalScore"": 0.0, ""onTrackStatus"": ""Behind""}",744847730,0,,2025-09-24T16:49:39.751594
CRS831057,2025-09-24T16:49:39.751594,79.5,sc_bfaa0e48,"{""totalAssignments"": 22, ""completedAssignments"": 13, ""pendingAssignments"": 1, ""futureAssignments"": 9, ""availableAssignments"": 13, ""completionRate"": 100.0, ""weightedCompletion"": 57.7, ""overallProgressPercent"": 59.1, ""actualScoreFromCompletedWork"": 79.5, ""projectedFinalScore"": 79.5, ""onTrackStatus"": ""Ahead""}",744847730,1603,Declining,2025-09-24T16:49:39.751594
CRS058797,2025-09-24T16:49:39.751594,0.0,sc_4febb9b9,"{""totalAssignments"": 8, ""completedAssignments"": 0, ""pendingAssignments"": 0, ""futureAssignments"": 8, ""availableAssignments"": 0, ""completionRate"": 0, ""weightedCompletion"": 0.0, ""overallProgressPercent"": 0.0, ""actualScoreFromCompletedWork"": 0.0, ""projectedFinalScore"": 0.0, ""onTrackStatus"": ""Behind""}",744847730,0,,2025-09-24T16:49:39.751594
CRS652689,2025-09-24T16:49:39.751594,0.0,sc_f1aad123,"{""totalAssignments"": 14, ""completedAssignments"": 0, ""pendingAssignments"": 0, ""futureAssignments"": 14, ""availableAssignments"": 0, ""completionRate"": 0, ""weightedCompletion"": 0.0, ""overallProgressPercent"": 0.0, ""actualScoreFromCompletedWork"": 0.0, ""projectedFinalScore"": 0.0, ""onTrackStatus"": ""Behind""}",744847730,0,,2025-09-24T16:49:39.751594
CRS583398,2025-09-24T16:49:39.752594,93.0,sc_9dbfce34,"{""totalAssignments"": 20, ""completedAssignments"": 12, ""pendingAssignments"": 0, ""futureAssignments"": 7, ""availableAssignments"": 13, ""completionRate"": 92.3, ""weightedCompletion"": 60.4, ""overallProgressPercent"": 60.0, ""actualScoreFromCompletedWork"": 93.0, ""projectedFinalScore"": 92.6, ""onTrackStatus"": ""Ahead""}",744847730,1745,Steady,2025-09-24T16:49:39.752594
CRS261592,2025-09-24T16:49:39.752594,76.0,sc_0b812b15,"{""totalAssignments"": 16, ""completedAssignments"": 10, ""pendingAssignments"": 1, ""futureAssignments"": 5, ""availableAssignments"": 11, ""completionRate"": 90.9, ""weightedCompletion"": 66.2, ""overallProgressPercent"": 62.5, ""actualScoreFromCompletedWork"": 76.0, ""projectedFinalScore"": 75.5, ""onTrackStatus"": ""Ahead""}",744847730,1964,Declining,2025-09-24T16:49:39.752594
CRS430230,2025-09-24T16:49:39.752594,75.8,sc_8ba99b39,"{""totalAssignments"": 20, ""completedAssignments"": 11, ""pendingAssignments"": 0, ""futureAssignments"": 9, ""availableAssignments"": 11, ""completionRate"": 100.0, ""weightedCompletion"": 57.0, ""overallProgressPercent"": 55.0, ""actualScoreFromCompletedWork"": 75.8, ""projectedFinalScore"": 75.8, ""onTrackStatus"": ""Ahead""}",646671872,2288,Improving,2025-09-24T16:49:39.752594
CRS446141,2025-09-24T16:49:39.752594,0.0,sc_ff95507b,"{""totalAssignments"": 19, ""completedAssignments"": 0, ""pendingAssignments"": 0, ""futureAssignments"": 19, ""availableAssignments"": 0, ""completionRate"": 0, ""weightedCompletion"": 0.0, ""overallProgressPercent"": 0.0, ""actualScoreFromCompletedWork"": 0.0, ""projectedFinalScore"": 0.0, ""onTrackStatus"": ""Behind""}",646671872,0,,2025-09-24T16:49:39.752594
CRS652689,2025-09-24T16:49:39.752594,0.0,sc_4e10206f,"{""totalAssignments"": 14, ""completedAssignments"": 0, ""pendingAssignments"": 0, ""futureAssignments"": 14, ""availableAssignments"": 0, ""completionRate"": 0, ""weightedCompletion"": 0.0, ""overallProgressPercent"": 0.0, ""actualScoreFromCompletedWork"": 0.0, ""projectedFinalScore"": 0.0, ""onTrackStatus"": ""Behind""}",646671872,0,,2025-09-24T16:49:39.752594
CRS583398,2025-09-24T16:49:39.753594,80.9,sc_06855d94,"{""totalAssignments"": 20, ""completedAssignments"": 10, ""pendingAssignments"": 1, ""futureAssignments"": 8, ""availableAssignments"": 12, ""completionRate"": 83.3, ""weightedCompletion"": 50.0, ""overallProgressPercent"": 50.0, ""actualScoreFromCompletedWork"": 80.9, ""projectedFinalScore"": 80.7, ""onTrackStatus"": ""On Track""}",646671872,1614,Steady,2025-09-24T16:49:39.753594
CRS261592,2025-09-24T16:49:39.753594,81.7,sc_9f4741c3,"{""totalAssignments"": 16, ""completedAssignments"": 11, ""pendingAssignments"": 0, ""futureAssignments"": 5, ""availableAssignments"": 11, ""completionRate"": 100.0, ""weightedCompletion"": 72.1, ""overallProgressPercent"": 68.8, ""actualScoreFromCompletedWork"": 81.7, ""projectedFinalScore"": 81.7, ""onTrackStatus"": ""Ahead""}",646671872,2093,Steady,2025-09-24T16:49:39.753594
CRS831057,2025-09-24T16:49:39.753594,82.1,sc_4e1f706d,"{""totalAssignments"": 22, ""completedAssignments"": 13, ""pendingAssignments"": 0, ""futureAssignments"": 9, ""availableAssignments"": 13, ""completionRate"": 100.0, ""weightedCompletion"": 57.7, ""overallProgressPercent"": 59.1, ""actualScoreFromCompletedWork"": 82.1, ""projectedFinalScore"": 82.1, ""onTrackStatus"": ""Ahead""}",646671872,1384,Steady,2025-09-24T16:49:39.753594
CRS058797,2025-09-24T16:49:39.753594,0.0,sc_4618f6a6,"{""totalAssignments"": 8, ""completedAssignments"": 0, ""pendingAssignments"": 0, ""futureAssignments"": 8, ""availableAssignments"": 0, ""completionRate"": 0, ""weightedCompletion"": 0.0, ""overallProgressPercent"": 0.0, ""actualScoreFromCompletedWork"": 0.0, ""projectedFinalScore"": 0.0, ""onTrackStatus"": ""Behind""}",646671872,0,,2025-09-24T16:49:39.753594
CRS430230,2025-09-24T16:49:39.754594,69.4,sc_e3f1d697,"{""totalAssignments"": 20, ""completedAssignments"": 7, ""pendingAssignments"": 0, ""futureAssignments"": 10, ""availableAssignments"": 10, ""completionRate"": 70.0, ""weightedCompletion"": 36.0, ""overallProgressPercent"": 35.0, ""actualScoreFromCompletedWork"": 69.4, ""projectedFinalScore"": 69.3, ""onTrackStatus"": ""On Track""}",341741570,1723,Steady,2025-09-24T16:49:39.754594
CRS446141,2025-09-24T16:49:39.754594,0.0,sc_c7662d40,"{""totalAssignments"": 19, ""completedAssignments"": 0, ""pendingAssignments"": 0, ""futureAssignments"": 19, ""availableAssignments"": 0, ""completionRate"": 0, ""weightedCompletion"": 0.0, ""overallProgressPercent"": 0.0, ""actualScoreFromCompletedWork"": 0.0, ""projectedFinalScore"": 0.0, ""onTrackStatus"": ""Behind""}",341741570,0,,2025-09-24T16:49:39.754594
CRS831057,2025-09-24T16:49:39.754594,71.3,sc_221f66bb,"{""totalAssignments"": 22, ""completedAssignments"": 9, ""pendingAssignments"": 2, ""futureAssignments"": 10, ""availableAssignments"": 12, ""completionRate"": 75.0, ""weightedCompletion"": 41.2, ""overallProgressPercent"": 40.9, ""actualScoreFromCompletedWork"": 71.3, ""projectedFinalScore"": 70.5, ""onTrackStatus"": ""On Track""}",341741570,1052,Declining,2025-09-24T16:49:39.754594
CRS652689,2025-09-24T16:49:39.754594,0.0,sc_305a89a8,"{""totalAssignments"": 14, ""completedAssignments"": 0, ""pendingAssignments"": 0, ""futureAssignments"": 14, ""availableAssignments"": 0, ""completionRate"": 0, ""weightedCompletion"": 0.0, ""overallProgressPercent"": 0.0, ""actualScoreFromCompletedWork"": 0.0, ""projectedFinalScore"": 0.0, ""onTrackStatus"": ""Behind""}",341741570,0,,2025-09-24T16:49:39.754594
CRS583398,2025-09-24T16:49:39.754594,51.0,sc_552e98dd,"{""totalAssignments"": 20, ""completedAssignments"": 8, ""pendingAssignments"": 1, ""futureAssignments"": 8, ""availableAssignments"": 12, ""completionRate"": 66.7, ""weightedCompletion"": 39.6, ""overallProgressPercent"": 40.0, ""actualScoreFromCompletedWork"": 51.0, ""projectedFinalScore"": 49.1, ""onTrackStatus"": ""Slightly Behind""}",341741570,1291,Steady,2025-09-24T16:49:39.754594
CRS261592,2025-09-24T16:49:39.755657,66.9,sc_706a9451,"{""totalAssignments"": 16, ""completedAssignments"": 6, ""pendingAssignments"": 4, ""futureAssignments"": 3, ""availableAssignments"": 13, ""completionRate"": 46.2, ""weightedCompletion"": 39.7, ""overallProgressPercent"": 37.5, ""actualScoreFromCompletedWork"": 66.9, ""projectedFinalScore"": 67.1, ""onTrackStatus"": ""Behind""}",341741570,1440,Steady,2025-09-24T16:49:39.755657
CRS058797,2025-09-24T16:49:39.755657,0.0,sc_523a81e4,"{""totalAssignments"": 8, ""completedAssignments"": 0, ""pendingAssignments"": 0, ""futureAssignments"": 8, ""availableAssignments"": 0, ""completionRate"": 0, ""weightedCompletion"": 0.0, ""overallProgressPercent"": 0.0, ""actualScoreFromCompletedWork"": 0.0, ""projectedFinalScore"": 0.0, ""onTrackStatus"": ""Behind""}",341741570,0,,2025-09-24T16:49:39.755657
CRS430230,2025-09-24T16:49:39.755958,81.4,sc_de38a826,"{""totalAssignments"": 20, ""completedAssignments"": 10, ""pendingAssignments"": 1, ""futureAssignments"": 10, ""availableAssignments"": 10, ""completionRate"": 100.0, ""weightedCompletion"": 53.0, ""overallProgressPercent"": 50.0, ""actualScoreFromCompletedWork"": 81.4, ""projectedFinalScore"": 81.4, ""onTrackStatus"": ""Ahead""}",937462007,2271,Declining,2025-09-24T16:49:39.755958
CRS446141,2025-09-24T16:49:39.755958,0.0,sc_deb7ae53,"{""totalAssignments"": 19, ""completedAssignments"": 0, ""pendingAssignments"": 0, ""futureAssignments"": 19, ""availableAssignments"": 0, ""completionRate"": 0, ""weightedCompletion"": 0.0, ""overallProgressPercent"": 0.0, ""actualScoreFromCompletedWork"": 0.0, ""projectedFinalScore"": 0.0, ""onTrackStatus"": ""Behind""}",937462007,0,,2025-09-24T16:49:39.755958
CRS261592,2025-09-24T16:49:39.755958,75.9,sc_caad3227,"{""totalAssignments"": 16, ""completedAssignments"": 10, ""pendingAssignments"": 1, ""futureAssignments"": 5, ""availableAssignments"": 11, ""completionRate"": 90.9, ""weightedCompletion"": 67.6, ""overallProgressPercent"": 62.5, ""actualScoreFromCompletedWork"": 75.9, ""projectedFinalScore"": 76.2, ""onTrackStatus"": ""Ahead""}",937462007,1997,Steady,2025-09-24T16:49:39.755958
CRS831057,2025-09-24T16:49:39.755958,79.3,sc_10b64731,"{""totalAssignments"": 22, ""completedAssignments"": 13, ""pendingAssignments"": 0, ""futureAssignments"": 9, ""availableAssignments"": 13, ""completionRate"": 100.0, ""weightedCompletion"": 57.7, ""overallProgressPercent"": 59.1, ""actualScoreFromCompletedWork"": 79.3, ""projectedFinalScore"": 79.3, ""onTrackStatus"": ""Ahead""}",937462007,1463,Steady,2025-09-24T16:49:39.755958
CRS652689,2025-09-24T16:49:39.755958,0.0,sc_ffed020f,"{""totalAssignments"": 14, ""completedAssignments"": 0, ""pendingAssignments"": 0, ""futureAssignments"": 14, ""availableAssignments"": 0, ""completionRate"": 0, ""weightedCompletion"": 0.0, ""overallProgressPercent"": 0.0, ""actualScoreFromCompletedWork"": 0.0, ""projectedFinalScore"": 0.0, ""onTrackStatus"": ""Behind""}",937462007,0,,2025-09-24T16:49:39.755958
CRS583398,2025-09-24T16:49:39.756979,63.1,sc_6eb9dff6,"{""totalAssignments"": 20, ""completedAssignments"": 12, ""pendingAssignments"": 0, ""futureAssignments"": 8, ""availableAssignments"": 12, ""completionRate"": 100.0, ""weightedCompletion"": 60.4, ""overallProgressPercent"": 60.0, ""actualScoreFromCompletedWork"": 63.1, ""projectedFinalScore"": 63.1, ""onTrackStatus"": ""Ahead""}",937462007,1614,Steady,2025-09-24T16:49:39.756979
CRS430230,2025-09-24T16:49:39.756979,93.7,sc_6d94c870,"{""totalAssignments"": 20, ""completedAssignments"": 11, ""pendingAssignments"": 1, ""futureAssignments"": 8, ""availableAssignments"": 12, ""completionRate"": 91.7, ""weightedCompletion"": 57.0, ""overallProgressPercent"": 55.0, ""actualScoreFromCompletedWork"": 93.7, ""projectedFinalScore"": 93.0, ""onTrackStatus"": ""Ahead""}",435708217,2458,Steady,2025-09-24T16:49:39.756979
CRS446141,2025-09-24T16:49:39.756979,0.0,sc_d97d6f7c,"{""totalAssignments"": 19, ""completedAssignments"": 0, ""pendingAssignments"": 0, ""futureAssignments"": 19, ""availableAssignments"": 0, ""completionRate"": 0, ""weightedCompletion"": 0.0, ""overallProgressPercent"": 0.0, ""actualScoreFromCompletedWork"": 0.0, ""projectedFinalScore"": 0.0, ""onTrackStatus"": ""Behind""}",435708217,0,,2025-09-24T16:49:39.756979
CRS831057,2025-09-24T16:49:39.756979,90.3,sc_3d01a50d,"{""totalAssignments"": 22, ""completedAssignments"": 14, ""pendingAssignments"": 0, ""futureAssignments"": 7, ""availableAssignments"": 15, ""completionRate"": 93.3, ""weightedCompletion"": 61.9, ""overallProgressPercent"": 63.6, ""actualScoreFromCompletedWork"": 90.3, ""projectedFinalScore"": 90.1, ""onTrackStatus"": ""Ahead""}",435708217,1700,Steady,2025-09-24T16:49:39.756979
CRS058797,2025-09-24T16:49:39.757979,0.0,sc_c8f641cb,"{""totalAssignments"": 8, ""completedAssignments"": 0, ""pendingAssignments"": 0, ""futureAssignments"": 8, ""availableAssignments"": 0, ""completionRate"": 0, ""weightedCompletion"": 0.0, ""overallProgressPercent"": 0.0, ""actualScoreFromCompletedWork"": 0.0, ""projectedFinalScore"": 0.0, ""onTrackStatus"": ""Behind""}",435708217,0,,2025-09-24T16:49:39.757979
CRS652689,2025-09-24T16:49:39.757979,0.0,sc_20e8207a,"{""totalAssignments"": 14, ""completedAssignments"": 0, ""pendingAssignments"": 0, ""futureAssignments"": 14, ""availableAssignments"": 0, ""completionRate"": 0, ""weightedCompletion"": 0.0, ""overallProgressPercent"": 0.0, ""actualScoreFromCompletedWork"": 0.0, ""projectedFinalScore"": 0.0, ""onTrackStatus"": ""Behind""}",435708217,0,,2025-09-24T16:49:39.757979
CRS583398,2025-09-24T16:49:39.757979,67.0,sc_8f0ec070,"{""totalAssignments"": 20, ""completedAssignments"": 13, ""pendingAssignments"": 1, ""futureAssignments"": 6, ""availableAssignments"": 14, ""completionRate"": 92.9, ""weightedCompletion"": 63.5, ""overallProgressPercent"": 65.0, ""actualScoreFromCompletedWork"": 67.0, ""projectedFinalScore"": 66.8, ""onTrackStatus"": ""Ahead""}",435708217,2048,Steady,2025-09-24T16:49:39.757979
CRS261592,2025-09-24T16:49:39.757979,88.4,sc_ee036737,"{""totalAssignments"": 16, ""completedAssignments"": 11, ""pendingAssignments"": 1, ""futureAssignments"": 4, ""availableAssignments"": 12, ""completionRate"": 91.7, ""weightedCompletion"": 72.1, ""overallProgressPercent"": 68.8, ""actualScoreFromCompletedWork"": 88.4, ""projectedFinalScore"": 88.6, ""onTrackStatus"": ""Ahead""}",435708217,2333,Declining,2025-09-24T16:49:39.757979
CRS430230,2025-09-24T16:49:39.758978,89.6,sc_75439613,"{""totalAssignments"": 20, ""completedAssignments"": 12, ""pendingAssignments"": 0, ""futureAssignments"": 7, ""availableAssignments"": 13, ""completionRate"": 92.3, ""weightedCompletion"": 62.0, ""overallProgressPercent"": 60.0, ""actualScoreFromCompletedWork"": 89.6, ""projectedFinalScore"": 89.8, ""onTrackStatus"": ""Ahead""}",292740070,2748,Steady,2025-09-24T16:49:39.758978
CRS446141,2025-09-24T16:49:39.758978,0.0,sc_fdb0610f,"{""totalAssignments"": 19, ""completedAssignments"": 0, ""pendingAssignments"": 0, ""futureAssignments"": 19, ""availableAssignments"": 0, ""completionRate"": 0, ""weightedCompletion"": 0.0, ""overallProgressPercent"": 0.0, ""actualScoreFromCompletedWork"": 0.0, ""projectedFinalScore"": 0.0, ""onTrackStatus"": ""Behind""}",292740070,0,,2025-09-24T16:49:39.758978
CRS261592,2025-09-24T16:49:39.758978,89.3,sc_c98de028,"{""totalAssignments"": 16, ""completedAssignments"": 12, ""pendingAssignments"": 1, ""futureAssignments"": 3, ""availableAssignments"": 13, ""completionRate"": 92.3, ""weightedCompletion"": 80.9, ""overallProgressPercent"": 75.0, ""actualScoreFromCompletedWork"": 89.3, ""projectedFinalScore"": 88.7, ""onTrackStatus"": ""Ahead""}",292740070,2433,Improving,2025-09-24T16:49:39.758978
CRS831057,2025-09-24T16:49:39.758978,86.1,sc_8c46975f,"{""totalAssignments"": 22, ""completedAssignments"": 13, ""pendingAssignments"": 0, ""futureAssignments"": 7, ""availableAssignments"": 15, ""completionRate"": 86.7, ""weightedCompletion"": 57.7, ""overallProgressPercent"": 59.1, ""actualScoreFromCompletedWork"": 86.1, ""projectedFinalScore"": 86.0, ""onTrackStatus"": ""On Track""}",292740070,1566,Steady,2025-09-24T16:49:39.758978
CRS652689,2025-09-24T16:49:39.758978,0.0,sc_d46fd1cf,"{""totalAssignments"": 14, ""completedAssignments"": 0, ""pendingAssignments"": 0, ""futureAssignments"": 14, ""availableAssignments"": 0, ""completionRate"": 0, ""weightedCompletion"": 0.0, ""overallProgressPercent"": 0.0, ""actualScoreFromCompletedWork"": 0.0, ""projectedFinalScore"": 0.0, ""onTrackStatus"": ""Behind""}",292740070,0,,2025-09-24T16:49:39.758978
CRS583398,2025-09-24T16:49:39.759978,87.6,sc_536518b4,"{""totalAssignments"": 20, ""completedAssignments"": 13, ""pendingAssignments"": 0, ""futureAssignments"": 6, ""availableAssignments"": 14, ""completionRate"": 92.9, ""weightedCompletion"": 63.5, ""overallProgressPercent"": 65.0, ""actualScoreFromCompletedWork"": 87.6, ""projectedFinalScore"": 87.4, ""onTrackStatus"": ""Ahead""}",292740070,2028,Steady,2025-09-24T16:49:39.759978
CRS058797,2025-09-24T16:49:39.759978,0.0,sc_212fe114,"{""totalAssignments"": 8, ""completedAssignments"": 0, ""pendingAssignments"": 0, ""futureAssignments"": 8, ""availableAssignments"": 0, ""completionRate"": 0, ""weightedCompletion"": 0.0, ""overallProgressPercent"": 0.0, ""actualScoreFromCompletedWork"": 0.0, ""projectedFinalScore"": 0.0, ""onTrackStatus"": ""Behind""}",292740070,0,,2025-09-24T16:49:39.759978
CRS430230,2025-09-24T16:49:39.759978,71.0,sc_ff954857,"{""totalAssignments"": 20, ""completedAssignments"": 9, ""pendingAssignments"": 0, ""futureAssignments"": 10, ""availableAssignments"": 10, ""completionRate"": 90.0, ""weightedCompletion"": 47.0, ""overallProgressPercent"": 45.0, ""actualScoreFromCompletedWork"": 71.0, ""projectedFinalScore"": 69.9, ""onTrackStatus"": ""Ahead""}",436217355,2272,Improving,2025-09-24T16:49:39.759978
CRS446141,2025-09-24T16:49:39.759978,0.0,sc_8b2e85ad,"{""totalAssignments"": 19, ""completedAssignments"": 0, ""pendingAssignments"": 0, ""futureAssignments"": 19, ""availableAssignments"": 0, ""completionRate"": 0, ""weightedCompletion"": 0.0, ""overallProgressPercent"": 0.0, ""actualScoreFromCompletedWork"": 0.0, ""projectedFinalScore"": 0.0, ""onTrackStatus"": ""Behind""}",436217355,0,,2025-09-24T16:49:39.759978
CRS261592,2025-09-24T16:49:39.759978,73.0,sc_93eeb139,"{""totalAssignments"": 16, ""completedAssignments"": 8, ""pendingAssignments"": 3, ""futureAssignments"": 7, ""availableAssignments"": 9, ""completionRate"": 88.9, ""weightedCompletion"": 55.9, ""overallProgressPercent"": 50.0, ""actualScoreFromCompletedWork"": 73.0, ""projectedFinalScore"": 71.8, ""onTrackStatus"": ""On Track""}",436217355,1936,Steady,2025-09-24T16:49:39.759978
CRS058797,2025-09-24T16:49:39.759978,0.0,sc_8bcd251e,"{""totalAssignments"": 8, ""completedAssignments"": 0, ""pendingAssignments"": 0, ""futureAssignments"": 8, ""availableAssignments"": 0, ""completionRate"": 0, ""weightedCompletion"": 0.0, ""overallProgressPercent"": 0.0, ""actualScoreFromCompletedWork"": 0.0, ""projectedFinalScore"": 0.0, ""onTrackStatus"": ""Behind""}",436217355,0,,2025-09-24T16:49:39.759978
CRS652689,2025-09-24T16:49:39.759978,0.0,sc_f51c83ab,"{""totalAssignments"": 14, ""completedAssignments"": 0, ""pendingAssignments"": 0, ""futureAssignments"": 14, ""availableAssignments"": 0, ""completionRate"": 0, ""weightedCompletion"": 0.0, ""overallProgressPercent"": 0.0, ""actualScoreFromCompletedWork"": 0.0, ""projectedFinalScore"": 0.0, ""onTrackStatus"": ""Behind""}",436217355,0,,2025-09-24T16:49:39.759978
CRS583398,2025-09-24T16:49:39.760978,77.3,sc_527e1ad8,"{""totalAssignments"": 20, ""completedAssignments"": 10, ""pendingAssignments"": 0, ""futureAssignments"": 10, ""availableAssignments"": 10, ""completionRate"": 100.0, ""weightedCompletion"": 50.0, ""overallProgressPercent"": 50.0, ""actualScoreFromCompletedWork"": 77.3, ""projectedFinalScore"": 77.3, ""onTrackStatus"": ""Ahead""}",436217355,1668,Steady,2025-09-24T16:49:39.760978
CRS831057,2025-09-24T16:49:39.760978,68.5,sc_e34bfa93,"{""totalAssignments"": 22, ""completedAssignments"": 9, ""pendingAssignments"": 3, ""futureAssignments"": 12, ""availableAssignments"": 10, ""completionRate"": 90.0, ""weightedCompletion"": 38.1, ""overallProgressPercent"": 40.9, ""actualScoreFromCompletedWork"": 68.5, ""projectedFinalScore"": 67.7, ""onTrackStatus"": ""Ahead""}",436217355,993,Steady,2025-09-24T16:49:39.760978
CRS430230,2025-09-24T16:49:39.760978,68.3,sc_3fd3c32b,"{""totalAssignments"": 20, ""completedAssignments"": 9, ""pendingAssignments"": 1, ""futureAssignments"": 10, ""availableAssignments"": 10, ""completionRate"": 90.0, ""weightedCompletion"": 49.0, ""overallProgressPercent"": 45.0, ""actualScoreFromCompletedWork"": 68.3, ""projectedFinalScore"": 68.1, ""onTrackStatus"": ""Ahead""}",394292571,2622,Steady,2025-09-24T16:49:39.760978
CRS446141,2025-09-24T16:49:39.760978,0.0,sc_a51937c5,"{""totalAssignments"": 19, ""completedAssignments"": 0, ""pendingAssignments"": 0, ""futureAssignments"": 19, ""availableAssignments"": 0, ""completionRate"": 0, ""weightedCompletion"": 0.0, ""overallProgressPercent"": 0.0, ""actualScoreFromCompletedWork"": 0.0, ""projectedFinalScore"": 0.0, ""onTrackStatus"": ""Behind""}",394292571,0,,2025-09-24T16:49:39.760978
CRS831057,2025-09-24T16:49:39.761979,69.3,sc_ed609363,"{""totalAssignments"": 22, ""completedAssignments"": 9, ""pendingAssignments"": 0, ""futureAssignments"": 10, ""availableAssignments"": 12, ""completionRate"": 75.0, ""weightedCompletion"": 36.1, ""overallProgressPercent"": 40.9, ""actualScoreFromCompletedWork"": 69.3, ""projectedFinalScore"": 67.9, ""onTrackStatus"": ""On Track""}",394292571,831,Steady,2025-09-24T16:49:39.761979
CRS652689,2025-09-24T16:49:39.761979,0.0,sc_f1f3dc08,"{""totalAssignments"": 14, ""completedAssignments"": 0, ""pendingAssignments"": 0, ""futureAssignments"": 14, ""availableAssignments"": 0, ""completionRate"": 0, ""weightedCompletion"": 0.0, ""overallProgressPercent"": 0.0, ""actualScoreFromCompletedWork"": 0.0, ""projectedFinalScore"": 0.0, ""onTrackStatus"": ""Behind""}",394292571,0,,2025-09-24T16:49:39.761979
CRS583398,2025-09-24T16:49:39.761979,78.5,sc_dc8eff94,"{""totalAssignments"": 20, ""completedAssignments"": 8, ""pendingAssignments"": 3, ""futureAssignments"": 8, ""availableAssignments"": 12, ""completionRate"": 66.7, ""weightedCompletion"": 39.6, ""overallProgressPercent"": 40.0, ""actualScoreFromCompletedWork"": 78.5, ""projectedFinalScore"": 79.0, ""onTrackStatus"": ""Slightly Behind""}",394292571,1345,Improving,2025-09-24T16:49:39.761979
CRS261592,2025-09-24T16:49:39.762473,69.7,sc_c77eb522,"{""totalAssignments"": 16, ""completedAssignments"": 9, ""pendingAssignments"": 1, ""futureAssignments"": 3, ""availableAssignments"": 13, ""completionRate"": 69.2, ""weightedCompletion"": 61.8, ""overallProgressPercent"": 56.2, ""actualScoreFromCompletedWork"": 69.7, ""projectedFinalScore"": 68.2, ""onTrackStatus"": ""Slightly Behind""}",394292571,2241,Declining,2025-09-24T16:49:39.762473
CRS430230,2025-09-24T16:49:39.762929,82.5,sc_caa9832e,"{""totalAssignments"": 20, ""completedAssignments"": 9, ""pendingAssignments"": 2, ""futureAssignments"": 8, ""availableAssignments"": 12, ""completionRate"": 75.0, ""weightedCompletion"": 48.0, ""overallProgressPercent"": 45.0, ""actualScoreFromCompletedWork"": 82.5, ""projectedFinalScore"": 81.6, ""onTrackStatus"": ""On Track""}",798363750,1845,Steady,2025-09-24T16:49:39.762929
CRS446141,2025-09-24T16:49:39.762929,0.0,sc_7697dd65,"{""totalAssignments"": 19, ""completedAssignments"": 0, ""pendingAssignments"": 0, ""futureAssignments"": 19, ""availableAssignments"": 0, ""completionRate"": 0, ""weightedCompletion"": 0.0, ""overallProgressPercent"": 0.0, ""actualScoreFromCompletedWork"": 0.0, ""projectedFinalScore"": 0.0, ""onTrackStatus"": ""Behind""}",798363750,0,,2025-09-24T16:49:39.762929
CRS261592,2025-09-24T16:49:39.762929,80.5,sc_629e11e3,"{""totalAssignments"": 16, ""completedAssignments"": 10, ""pendingAssignments"": 1, ""futureAssignments"": 3, ""availableAssignments"": 13, ""completionRate"": 76.9, ""weightedCompletion"": 66.2, ""overallProgressPercent"": 62.5, ""actualScoreFromCompletedWork"": 80.5, ""projectedFinalScore"": 79.8, ""onTrackStatus"": ""On Track""}",798363750,2514,Steady,2025-09-24T16:49:39.762929
CRS831057,2025-09-24T16:49:39.762929,82.5,sc_396fd4d5,"{""totalAssignments"": 22, ""completedAssignments"": 11, ""pendingAssignments"": 2, ""futureAssignments"": 9, ""availableAssignments"": 13, ""completionRate"": 84.6, ""weightedCompletion"": 47.4, ""overallProgressPercent"": 50.0, ""actualScoreFromCompletedWork"": 82.5, ""projectedFinalScore"": 80.7, ""onTrackStatus"": ""On Track""}",798363750,1303,Declining,2025-09-24T16:49:39.762929
CRS652689,2025-09-24T16:49:39.762929,0.0,sc_01f87026,"{""totalAssignments"": 14, ""completedAssignments"": 0, ""pendingAssignments"": 0, ""futureAssignments"": 14, ""availableAssignments"": 0, ""completionRate"": 0, ""weightedCompletion"": 0.0, ""overallProgressPercent"": 0.0, ""actualScoreFromCompletedWork"": 0.0, ""projectedFinalScore"": 0.0, ""onTrackStatus"": ""Behind""}",798363750,0,,2025-09-24T16:49:39.762929
CRS583398,2025-09-24T16:49:39.763940,73.1,sc_3febec68,"{""totalAssignments"": 20, ""completedAssignments"": 10, ""pendingAssignments"": 2, ""futureAssignments"": 8, ""availableAssignments"": 12, ""completionRate"": 83.3, ""weightedCompletion"": 52.1, ""overallProgressPercent"": 50.0, ""actualScoreFromCompletedWork"": 73.1, ""projectedFinalScore"": 72.3, ""onTrackStatus"": ""On Track""}",798363750,1528,Steady,2025-09-24T16:49:39.763940
CRS430230,2025-09-24T16:49:39.763940,71.4,sc_10469ec6,"{""totalAssignments"": 20, ""completedAssignments"": 10, ""pendingAssignments"": 1, ""futureAssignments"": 10, ""availableAssignments"": 10, ""completionRate"": 100.0, ""weightedCompletion"": 53.0, ""overallProgressPercent"": 50.0, ""actualScoreFromCompletedWork"": 71.4, ""projectedFinalScore"": 71.4, ""onTrackStatus"": ""Ahead""}",819504483,2623,Steady,2025-09-24T16:49:39.763940
CRS446141,2025-09-24T16:49:39.763940,0.0,sc_211b9b42,"{""totalAssignments"": 19, ""completedAssignments"": 0, ""pendingAssignments"": 0, ""futureAssignments"": 19, ""availableAssignments"": 0, ""completionRate"": 0, ""weightedCompletion"": 0.0, ""overallProgressPercent"": 0.0, ""actualScoreFromCompletedWork"": 0.0, ""projectedFinalScore"": 0.0, ""onTrackStatus"": ""Behind""}",819504483,0,,2025-09-24T16:49:39.763940
CRS652689,2025-09-24T16:49:39.763940,0.0,sc_cd54f0f2,"{""totalAssignments"": 14, ""completedAssignments"": 0, ""pendingAssignments"": 0, ""futureAssignments"": 14, ""availableAssignments"": 0, ""completionRate"": 0, ""weightedCompletion"": 0.0, ""overallProgressPercent"": 0.0, ""actualScoreFromCompletedWork"": 0.0, ""projectedFinalScore"": 0.0, ""onTrackStatus"": ""Behind""}",819504483,0,,2025-09-24T16:49:39.763940
CRS583398,2025-09-24T16:49:39.763940,66.5,sc_370d85db,"{""totalAssignments"": 20, ""completedAssignments"": 7, ""pendingAssignments"": 4, ""futureAssignments"": 9, ""availableAssignments"": 11, ""completionRate"": 63.6, ""weightedCompletion"": 35.4, ""overallProgressPercent"": 35.0, ""actualScoreFromCompletedWork"": 66.5, ""projectedFinalScore"": 65.9, ""onTrackStatus"": ""Slightly Behind""}",819504483,1257,Steady,2025-09-24T16:49:39.763940
CRS261592,2025-09-24T16:49:39.763940,62.9,sc_8872ace8,"{""totalAssignments"": 16, ""completedAssignments"": 9, ""pendingAssignments"": 2, ""futureAssignments"": 5, ""availableAssignments"": 11, ""completionRate"": 81.8, ""weightedCompletion"": 60.3, ""overallProgressPercent"": 56.2, ""actualScoreFromCompletedWork"": 62.9, ""projectedFinalScore"": 63.6, ""onTrackStatus"": ""On Track""}",819504483,1485,Steady,2025-09-24T16:49:39.763940
CRS831057,2025-09-24T16:49:39.764943,67.3,sc_5a5e383a,"{""totalAssignments"": 22, ""completedAssignments"": 9, ""pendingAssignments"": 2, ""futureAssignments"": 10, ""availableAssignments"": 12, ""completionRate"": 75.0, ""weightedCompletion"": 39.2, ""overallProgressPercent"": 40.9, ""actualScoreFromCompletedWork"": 67.3, ""projectedFinalScore"": 67.2, ""onTrackStatus"": ""On Track""}",819504483,786,Steady,2025-09-24T16:49:39.764943
CRS058797,2025-09-24T16:49:39.764943,0.0,sc_fd71e57e,"{""totalAssignments"": 8, ""completedAssignments"": 0, ""pendingAssignments"": 0, ""futureAssignments"": 8, ""availableAssignments"": 0, ""completionRate"": 0, ""weightedCompletion"": 0.0, ""overallProgressPercent"": 0.0, ""actualScoreFromCompletedWork"": 0.0, ""projectedFinalScore"": 0.0, ""onTrackStatus"": ""Behind""}",819504483,0,,2025-09-24T16:49:39.764943
CRS430230,2025-09-24T16:49:39.764943,69.0,sc_8a3b6e18,"{""totalAssignments"": 20, ""completedAssignments"": 8, ""pendingAssignments"": 0, ""futureAssignments"": 9, ""availableAssignments"": 11, ""completionRate"": 72.7, ""weightedCompletion"": 42.0, ""overallProgressPercent"": 40.0, ""actualScoreFromCompletedWork"": 69.0, ""projectedFinalScore"": 69.4, ""onTrackStatus"": ""On Track""}",468713922,1860,Steady,2025-09-24T16:49:39.764943
CRS446141,2025-09-24T16:49:39.764943,0.0,sc_e59524f8,"{""totalAssignments"": 19, ""completedAssignments"": 0, ""pendingAssignments"": 0, ""futureAssignments"": 19, ""availableAssignments"": 0, ""completionRate"": 0, ""weightedCompletion"": 0.0, ""overallProgressPercent"": 0.0, ""actualScoreFromCompletedWork"": 0.0, ""projectedFinalScore"": 0.0, ""onTrackStatus"": ""Behind""}",468713922,0,,2025-09-24T16:49:39.764943
CRS831057,2025-09-24T16:49:39.764943,73.4,sc_aa281c00,"{""totalAssignments"": 22, ""completedAssignments"": 9, ""pendingAssignments"": 3, ""futureAssignments"": 9, ""availableAssignments"": 13, ""completionRate"": 69.2, ""weightedCompletion"": 41.2, ""overallProgressPercent"": 40.9, ""actualScoreFromCompletedWork"": 73.4, ""projectedFinalScore"": 71.7, ""onTrackStatus"": ""Slightly Behind""}",468713922,1430,Steady,2025-09-24T16:49:39.764943
CRS583398,2025-09-24T16:49:39.764943,78.4,sc_9f15db0c,"{""totalAssignments"": 20, ""completedAssignments"": 8, ""pendingAssignments"": 3, ""futureAssignments"": 7, ""availableAssignments"": 13, ""completionRate"": 61.5, ""weightedCompletion"": 41.7, ""overallProgressPercent"": 40.0, ""actualScoreFromCompletedWork"": 78.4, ""projectedFinalScore"": 76.5, ""onTrackStatus"": ""Slightly Behind""}",468713922,1191,Improving,2025-09-24T16:49:39.764943
CRS058797,2025-09-24T16:49:39.764943,0.0,sc_300b8001,"{""totalAssignments"": 8, ""completedAssignments"": 0, ""pendingAssignments"": 0, ""futureAssignments"": 8, ""availableAssignments"": 0, ""completionRate"": 0, ""weightedCompletion"": 0.0, ""overallProgressPercent"": 0.0, ""actualScoreFromCompletedWork"": 0.0, ""projectedFinalScore"": 0.0, ""onTrackStatus"": ""Behind""}",468713922,0,,2025-09-24T16:49:39.764943
CRS652689,2025-09-24T16:49:39.764943,0.0,sc_78094925,"{""totalAssignments"": 14, ""completedAssignments"": 0, ""pendingAssignments"": 0, ""futureAssignments"": 14, ""availableAssignments"": 0, ""completionRate"": 0, ""weightedCompletion"": 0.0, ""overallProgressPercent"": 0.0, ""actualScoreFromCompletedWork"": 0.0, ""projectedFinalScore"": 0.0, ""onTrackStatus"": ""Behind""}",468713922,0,,2025-09-24T16:49:39.764943
CRS430230,2025-09-24T16:49:39.764943,90.1,sc_3bc1e26a,"{""totalAssignments"": 20, ""completedAssignments"": 11, ""pendingAssignments"": 1, ""futureAssignments"": 8, ""availableAssignments"": 12, ""completionRate"": 91.7, ""weightedCompletion"": 58.0, ""overallProgressPercent"": 55.0, ""actualScoreFromCompletedWork"": 90.1, ""projectedFinalScore"": 89.8, ""onTrackStatus"": ""Ahead""}",167160520,2990,Declining,2025-09-24T16:49:39.764943
CRS446141,2025-09-24T16:49:39.764943,0.0,sc_e1c31b7e,"{""totalAssignments"": 19, ""completedAssignments"": 0, ""pendingAssignments"": 0, ""futureAssignments"": 19, ""availableAssignments"": 0, ""completionRate"": 0, ""weightedCompletion"": 0.0, ""overallProgressPercent"": 0.0, ""actualScoreFromCompletedWork"": 0.0, ""projectedFinalScore"": 0.0, ""onTrackStatus"": ""Behind""}",167160520,0,,2025-09-24T16:49:39.764943
CRS261592,2025-09-24T16:49:39.764943,86.3,sc_cc839195,"{""totalAssignments"": 16, ""completedAssignments"": 12, ""pendingAssignments"": 0, ""futureAssignments"": 3, ""availableAssignments"": 13, ""completionRate"": 92.3, ""weightedCompletion"": 80.9, ""overallProgressPercent"": 75.0, ""actualScoreFromCompletedWork"": 86.3, ""projectedFinalScore"": 86.9, ""onTrackStatus"": ""Ahead""}",167160520,2116,Steady,2025-09-24T16:49:39.764943
CRS831057,2025-09-24T16:49:39.766947,89.4,sc_5d8a7e87,"{""totalAssignments"": 22, ""completedAssignments"": 13, ""pendingAssignments"": 1, ""futureAssignments"": 9, ""availableAssignments"": 13, ""completionRate"": 100.0, ""weightedCompletion"": 57.7, ""overallProgressPercent"": 59.1, ""actualScoreFromCompletedWork"": 89.4, ""projectedFinalScore"": 89.4, ""onTrackStatus"": ""Ahead""}",167160520,1597,Declining,2025-09-24T16:49:39.766947
CRS652689,2025-09-24T16:49:39.766947,0.0,sc_d4050744,"{""totalAssignments"": 14, ""completedAssignments"": 0, ""pendingAssignments"": 0, ""futureAssignments"": 14, ""availableAssignments"": 0, ""completionRate"": 0, ""weightedCompletion"": 0.0, ""overallProgressPercent"": 0.0, ""actualScoreFromCompletedWork"": 0.0, ""projectedFinalScore"": 0.0, ""onTrackStatus"": ""Behind""}",167160520,0,,2025-09-24T16:49:39.766947
CRS583398,2025-09-24T16:49:39.766947,68.1,sc_d1595590,"{""totalAssignments"": 20, ""completedAssignments"": 12, ""pendingAssignments"": 0, ""futureAssignments"": 6, ""availableAssignments"": 14, ""completionRate"": 85.7, ""weightedCompletion"": 60.4, ""overallProgressPercent"": 60.0, ""actualScoreFromCompletedWork"": 68.1, ""projectedFinalScore"": 68.4, ""onTrackStatus"": ""On Track""}",167160520,1838,Steady,2025-09-24T16:49:39.766947
CRS430230,2025-09-24T16:49:39.766947,59.8,sc_93e5954e,"{""totalAssignments"": 20, ""completedAssignments"": 3, ""pendingAssignments"": 1, ""futureAssignments"": 10, ""availableAssignments"": 10, ""completionRate"": 30.0, ""weightedCompletion"": 16.0, ""overallProgressPercent"": 15.0, ""actualScoreFromCompletedWork"": 59.8, ""projectedFinalScore"": 59.1, ""onTrackStatus"": ""Behind""}",173171118,484,Declining,2025-09-24T16:49:39.766947
CRS446141,2025-09-24T16:49:39.766947,0.0,sc_bf4acf25,"{""totalAssignments"": 19, ""completedAssignments"": 0, ""pendingAssignments"": 0, ""futureAssignments"": 19, ""availableAssignments"": 0, ""completionRate"": 0, ""weightedCompletion"": 0.0, ""overallProgressPercent"": 0.0, ""actualScoreFromCompletedWork"": 0.0, ""projectedFinalScore"": 0.0, ""onTrackStatus"": ""Behind""}",173171118,0,,2025-09-24T16:49:39.766947
CRS261592,2025-09-24T16:49:39.766947,61.0,sc_3994bd06,"{""totalAssignments"": 16, ""completedAssignments"": 4, ""pendingAssignments"": 3, ""futureAssignments"": 7, ""availableAssignments"": 9, ""completionRate"": 44.4, ""weightedCompletion"": 26.5, ""overallProgressPercent"": 25.0, ""actualScoreFromCompletedWork"": 61.0, ""projectedFinalScore"": 57.4, ""onTrackStatus"": ""Behind""}",173171118,1013,Declining,2025-09-24T16:49:39.766947
CRS058797,2025-09-24T16:49:39.766947,0.0,sc_2df89b05,"{""totalAssignments"": 8, ""completedAssignments"": 0, ""pendingAssignments"": 0, ""futureAssignments"": 8, ""availableAssignments"": 0, ""completionRate"": 0, ""weightedCompletion"": 0.0, ""overallProgressPercent"": 0.0, ""actualScoreFromCompletedWork"": 0.0, ""projectedFinalScore"": 0.0, ""onTrackStatus"": ""Behind""}",173171118,0,,2025-09-24T16:49:39.766947
CRS652689,2025-09-24T16:49:39.766947,0.0,sc_655f93a4,"{""totalAssignments"": 14, ""completedAssignments"": 0, ""pendingAssignments"": 0, ""futureAssignments"": 14, ""availableAssignments"": 0, ""completionRate"": 0, ""weightedCompletion"": 0.0, ""overallProgressPercent"": 0.0, ""actualScoreFromCompletedWork"": 0.0, ""projectedFinalScore"": 0.0, ""onTrackStatus"": ""Behind""}",173171118,0,,2025-09-24T16:49:39.766947
CRS583398,2025-09-24T16:49:39.766947,69.3,sc_7adb3c5e,"{""totalAssignments"": 20, ""completedAssignments"": 8, ""pendingAssignments"": 2, ""futureAssignments"": 10, ""availableAssignments"": 10, ""completionRate"": 80.0, ""weightedCompletion"": 39.6, ""overallProgressPercent"": 40.0, ""actualScoreFromCompletedWork"": 69.3, ""projectedFinalScore"": 69.6, ""onTrackStatus"": ""On Track""}",173171118,1359,Steady,2025-09-24T16:49:39.766947
CRS831057,2025-09-24T16:49:39.766947,56.1,sc_c4033c0e,"{""totalAssignments"": 22, ""completedAssignments"": 5, ""pendingAssignments"": 2, ""futureAssignments"": 12, ""availableAssignments"": 10, ""completionRate"": 50.0, ""weightedCompletion"": 19.6, ""overallProgressPercent"": 22.7, ""actualScoreFromCompletedWork"": 56.1, ""projectedFinalScore"": 56.1, ""onTrackStatus"": ""Slightly Behind""}",173171118,439,Steady,2025-09-24T16:49:39.766947
CRS430230,2025-09-24T16:49:39.766947,79.3,sc_0c8d0ca1,"{""totalAssignments"": 20, ""completedAssignments"": 10, ""pendingAssignments"": 1, ""futureAssignments"": 10, ""availableAssignments"": 10, ""completionRate"": 100.0, ""weightedCompletion"": 53.0, ""overallProgressPercent"": 50.0, ""actualScoreFromCompletedWork"": 79.3, ""projectedFinalScore"": 79.3, ""onTrackStatus"": ""Ahead""}",510851138,2259,Improving,2025-09-24T16:49:39.766947
CRS446141,2025-09-24T16:49:39.768947,0.0,sc_581aa0a9,"{""totalAssignments"": 19, ""completedAssignments"": 0, ""pendingAssignments"": 0, ""futureAssignments"": 19, ""availableAssignments"": 0, ""completionRate"": 0, ""weightedCompletion"": 0.0, ""overallProgressPercent"": 0.0, ""actualScoreFromCompletedWork"": 0.0, ""projectedFinalScore"": 0.0, ""onTrackStatus"": ""Behind""}",510851138,0,,2025-09-24T16:49:39.768947
CRS261592,2025-09-24T16:49:39.768947,78.4,sc_a435c682,"{""totalAssignments"": 16, ""completedAssignments"": 10, ""pendingAssignments"": 3, ""futureAssignments"": 4, ""availableAssignments"": 12, ""completionRate"": 83.3, ""weightedCompletion"": 67.6, ""overallProgressPercent"": 62.5, ""actualScoreFromCompletedWork"": 78.4, ""projectedFinalScore"": 78.1, ""onTrackStatus"": ""On Track""}",510851138,2125,Steady,2025-09-24T16:49:39.768947
CRS058797,2025-09-24T16:49:39.768947,0.0,sc_8a4ee762,"{""totalAssignments"": 8, ""completedAssignments"": 0, ""pendingAssignments"": 0, ""futureAssignments"": 8, ""availableAssignments"": 0, ""completionRate"": 0, ""weightedCompletion"": 0.0, ""overallProgressPercent"": 0.0, ""actualScoreFromCompletedWork"": 0.0, ""projectedFinalScore"": 0.0, ""onTrackStatus"": ""Behind""}",510851138,0,,2025-09-24T16:49:39.768947
CRS652689,2025-09-24T16:49:39.768947,0.0,sc_fff95710,"{""totalAssignments"": 14, ""completedAssignments"": 0, ""pendingAssignments"": 0, ""futureAssignments"": 14, ""availableAssignments"": 0, ""completionRate"": 0, ""weightedCompletion"": 0.0, ""overallProgressPercent"": 0.0, ""actualScoreFromCompletedWork"": 0.0, ""projectedFinalScore"": 0.0, ""onTrackStatus"": ""Behind""}",510851138,0,,2025-09-24T16:49:39.768947
CRS583398,2025-09-24T16:49:39.769433,73.9,sc_8abb46d3,"{""totalAssignments"": 20, ""completedAssignments"": 11, ""pendingAssignments"": 0, ""futureAssignments"": 8, ""availableAssignments"": 12, ""completionRate"": 91.7, ""weightedCompletion"": 54.2, ""overallProgressPercent"": 55.0, ""actualScoreFromCompletedWork"": 73.9, ""projectedFinalScore"": 73.9, ""onTrackStatus"": ""Ahead""}",510851138,1620,Steady,2025-09-24T16:49:39.769433
CRS446141,2025-09-24T16:49:39.769433,0.0,sc_f8a6230a,"{""totalAssignments"": 19, ""completedAssignments"": 0, ""pendingAssignments"": 0, ""futureAssignments"": 19, ""availableAssignments"": 0, ""completionRate"": 0, ""weightedCompletion"": 0.0, ""overallProgressPercent"": 0.0, ""actualScoreFromCompletedWork"": 0.0, ""projectedFinalScore"": 0.0, ""onTrackStatus"": ""Behind""}",334072557,0,,2025-09-24T16:49:39.769433
CRS831057,2025-09-24T16:49:39.769808,78.0,sc_766a3fa5,"{""totalAssignments"": 22, ""completedAssignments"": 12, ""pendingAssignments"": 0, ""futureAssignments"": 7, ""availableAssignments"": 15, ""completionRate"": 80.0, ""weightedCompletion"": 53.6, ""overallProgressPercent"": 54.5, ""actualScoreFromCompletedWork"": 78.0, ""projectedFinalScore"": 76.9, ""onTrackStatus"": ""On Track""}",334072557,1496,Steady,2025-09-24T16:49:39.769808
CRS058797,2025-09-24T16:49:39.769808,0.0,sc_1f573e4c,"{""totalAssignments"": 8, ""completedAssignments"": 0, ""pendingAssignments"": 0, ""futureAssignments"": 8, ""availableAssignments"": 0, ""completionRate"": 0, ""weightedCompletion"": 0.0, ""overallProgressPercent"": 0.0, ""actualScoreFromCompletedWork"": 0.0, ""projectedFinalScore"": 0.0, ""onTrackStatus"": ""Behind""}",334072557,0,,2025-09-24T16:49:39.769808
CRS652689,2025-09-24T16:49:39.769808,0.0,sc_e25e5792,"{""totalAssignments"": 14, ""completedAssignments"": 0, ""pendingAssignments"": 0, ""futureAssignments"": 14, ""availableAssignments"": 0, ""completionRate"": 0, ""weightedCompletion"": 0.0, ""overallProgressPercent"": 0.0, ""actualScoreFromCompletedWork"": 0.0, ""projectedFinalScore"": 0.0, ""onTrackStatus"": ""Behind""}",334072557,0,,2025-09-24T16:49:39.769808
CRS583398,2025-09-24T16:49:39.769808,80.6,sc_8b5aacec,"{""totalAssignments"": 20, ""completedAssignments"": 11, ""pendingAssignments"": 3, ""futureAssignments"": 8, ""availableAssignments"": 12, ""completionRate"": 91.7, ""weightedCompletion"": 56.3, ""overallProgressPercent"": 55.0, ""actualScoreFromCompletedWork"": 80.6, ""projectedFinalScore"": 80.0, ""onTrackStatus"": ""Ahead""}",334072557,1673,Steady,2025-09-24T16:49:39.769808
CRS430230,2025-09-24T16:49:39.769808,81.3,sc_a7c3d62e,"{""totalAssignments"": 20, ""completedAssignments"": 10, ""pendingAssignments"": 0, ""futureAssignments"": 8, ""availableAssignments"": 12, ""completionRate"": 83.3, ""weightedCompletion"": 53.0, ""overallProgressPercent"": 50.0, ""actualScoreFromCompletedWork"": 81.3, ""projectedFinalScore"": 80.5, ""onTrackStatus"": ""On Track""}",334072557,2378,Declining,2025-09-24T16:49:39.769808
CRS446141,2025-09-24T16:49:39.769808,0.0,sc_3f320793,"{""totalAssignments"": 19, ""completedAssignments"": 0, ""pendingAssignments"": 0, ""futureAssignments"": 19, ""availableAssignments"": 0, ""completionRate"": 0, ""weightedCompletion"": 0.0, ""overallProgressPercent"": 0.0, ""actualScoreFromCompletedWork"": 0.0, ""projectedFinalScore"": 0.0, ""onTrackStatus"": ""Behind""}",531867913,0,,2025-09-24T16:49:39.769808
CRS261592,2025-09-24T16:49:39.771314,89.6,sc_19d641df,"{""totalAssignments"": 16, ""completedAssignments"": 12, ""pendingAssignments"": 1, ""futureAssignments"": 3, ""availableAssignments"": 13, ""completionRate"": 92.3, ""weightedCompletion"": 80.9, ""overallProgressPercent"": 75.0, ""actualScoreFromCompletedWork"": 89.6, ""projectedFinalScore"": 89.1, ""onTrackStatus"": ""Ahead""}",531867913,2093,Steady,2025-09-24T16:49:39.771314
CRS831057,2025-09-24T16:49:39.771314,89.3,sc_a1f73206,"{""totalAssignments"": 22, ""completedAssignments"": 13, ""pendingAssignments"": 1, ""futureAssignments"": 9, ""availableAssignments"": 13, ""completionRate"": 100.0, ""weightedCompletion"": 57.7, ""overallProgressPercent"": 59.1, ""actualScoreFromCompletedWork"": 89.3, ""projectedFinalScore"": 89.3, ""onTrackStatus"": ""Ahead""}",531867913,1674,Declining,2025-09-24T16:49:39.771314
CRS058797,2025-09-24T16:49:39.771314,0.0,sc_ee49fa13,"{""totalAssignments"": 8, ""completedAssignments"": 0, ""pendingAssignments"": 0, ""futureAssignments"": 8, ""availableAssignments"": 0, ""completionRate"": 0, ""weightedCompletion"": 0.0, ""overallProgressPercent"": 0.0, ""actualScoreFromCompletedWork"": 0.0, ""projectedFinalScore"": 0.0, ""onTrackStatus"": ""Behind""}",531867913,0,,2025-09-24T16:49:39.771314
CRS652689,2025-09-24T16:49:39.771314,0.0,sc_f20aa83c,"{""totalAssignments"": 14, ""completedAssignments"": 0, ""pendingAssignments"": 0, ""futureAssignments"": 14, ""availableAssignments"": 0, ""completionRate"": 0, ""weightedCompletion"": 0.0, ""overallProgressPercent"": 0.0, ""actualScoreFromCompletedWork"": 0.0, ""projectedFinalScore"": 0.0, ""onTrackStatus"": ""Behind""}",531867913,0,,2025-09-24T16:49:39.771314
CRS583398,2025-09-24T16:49:39.771314,94.8,sc_268d20dc,"{""totalAssignments"": 20, ""completedAssignments"": 13, ""pendingAssignments"": 1, ""futureAssignments"": 6, ""availableAssignments"": 14, ""completionRate"": 92.9, ""weightedCompletion"": 63.5, ""overallProgressPercent"": 65.0, ""actualScoreFromCompletedWork"": 94.8, ""projectedFinalScore"": 95.0, ""onTrackStatus"": ""Ahead""}",531867913,2138,Improving,2025-09-24T16:49:39.771314
CRS430230,2025-09-24T16:49:39.771314,87.9,sc_64486b68,"{""totalAssignments"": 20, ""completedAssignments"": 12, ""pendingAssignments"": 0, ""futureAssignments"": 8, ""availableAssignments"": 12, ""completionRate"": 100.0, ""weightedCompletion"": 62.0, ""overallProgressPercent"": 60.0, ""actualScoreFromCompletedWork"": 87.9, ""projectedFinalScore"": 87.9, ""onTrackStatus"": ""Ahead""}",531867913,3210,Steady,2025-09-24T16:49:39.771314
CRS446141,2025-09-24T16:49:39.771314,0.0,sc_5f188d41,"{""totalAssignments"": 19, ""completedAssignments"": 0, ""pendingAssignments"": 0, ""futureAssignments"": 19, ""availableAssignments"": 0, ""completionRate"": 0, ""weightedCompletion"": 0.0, ""overallProgressPercent"": 0.0, ""actualScoreFromCompletedWork"": 0.0, ""projectedFinalScore"": 0.0, ""onTrackStatus"": ""Behind""}",887978411,0,,2025-09-24T16:49:39.771314
CRS261592,2025-09-24T16:49:39.771314,83.8,sc_638b75a5,"{""totalAssignments"": 16, ""completedAssignments"": 10, ""pendingAssignments"": 1, ""futureAssignments"": 3, ""availableAssignments"": 13, ""completionRate"": 76.9, ""weightedCompletion"": 64.7, ""overallProgressPercent"": 62.5, ""actualScoreFromCompletedWork"": 83.8, ""projectedFinalScore"": 81.9, ""onTrackStatus"": ""On Track""}",887978411,1884,Steady,2025-09-24T16:49:39.771314
CRS652689,2025-09-24T16:49:39.771314,0.0,sc_a926f37c,"{""totalAssignments"": 14, ""completedAssignments"": 0, ""pendingAssignments"": 0, ""futureAssignments"": 14, ""availableAssignments"": 0, ""completionRate"": 0, ""weightedCompletion"": 0.0, ""overallProgressPercent"": 0.0, ""actualScoreFromCompletedWork"": 0.0, ""projectedFinalScore"": 0.0, ""onTrackStatus"": ""Behind""}",887978411,0,,2025-09-24T16:49:39.771314
CRS583398,2025-09-24T16:49:39.771314,86.7,sc_bc0a7952,"{""totalAssignments"": 20, ""completedAssignments"": 11, ""pendingAssignments"": 1, ""futureAssignments"": 10, ""availableAssignments"": 10, ""completionRate"": 110.0, ""weightedCompletion"": 56.3, ""overallProgressPercent"": 55.0, ""actualScoreFromCompletedWork"": 86.7, ""projectedFinalScore"": 86.7, ""onTrackStatus"": ""Ahead""}",887978411,1521,Steady,2025-09-24T16:49:39.771314
CRS430230,2025-09-24T16:49:39.773319,77.7,sc_3557fe4a,"{""totalAssignments"": 20, ""completedAssignments"": 9, ""pendingAssignments"": 1, ""futureAssignments"": 8, ""availableAssignments"": 12, ""completionRate"": 75.0, ""weightedCompletion"": 48.0, ""overallProgressPercent"": 45.0, ""actualScoreFromCompletedWork"": 77.7, ""projectedFinalScore"": 77.5, ""onTrackStatus"": ""On Track""}",887978411,1749,Steady,2025-09-24T16:49:39.773319
CRS058797,2025-09-24T16:49:39.773319,0.0,sc_8bb9f940,"{""totalAssignments"": 8, ""completedAssignments"": 0, ""pendingAssignments"": 0, ""futureAssignments"": 8, ""availableAssignments"": 0, ""completionRate"": 0, ""weightedCompletion"": 0.0, ""overallProgressPercent"": 0.0, ""actualScoreFromCompletedWork"": 0.0, ""projectedFinalScore"": 0.0, ""onTrackStatus"": ""Behind""}",887978411,0,,2025-09-24T16:49:39.773319
CRS583398,2025-09-24T16:49:39.773319,57.0,sc_ed424575,"{""totalAssignments"": 20, ""completedAssignments"": 6, ""pendingAssignments"": 4, ""futureAssignments"": 10, ""availableAssignments"": 10, ""completionRate"": 60.0, ""weightedCompletion"": 30.2, ""overallProgressPercent"": 30.0, ""actualScoreFromCompletedWork"": 57.0, ""projectedFinalScore"": 57.2, ""onTrackStatus"": ""Slightly Behind""}",699356577,770,Steady,2025-09-24T16:49:39.773319
CRS430230,2025-09-24T16:49:39.773319,57.0,sc_2a414725,"{""totalAssignments"": 20, ""completedAssignments"": 7, ""pendingAssignments"": 2, ""futureAssignments"": 10, ""availableAssignments"": 10, ""completionRate"": 70.0, ""weightedCompletion"": 38.0, ""overallProgressPercent"": 35.0, ""actualScoreFromCompletedWork"": 57.0, ""projectedFinalScore"": 56.2, ""onTrackStatus"": ""On Track""}",699356577,1771,Improving,2025-09-24T16:49:39.773319
CRS446141,2025-09-24T16:49:39.773319,0.0,sc_b3f834d5,"{""totalAssignments"": 19, ""completedAssignments"": 0, ""pendingAssignments"": 0, ""futureAssignments"": 19, ""availableAssignments"": 0, ""completionRate"": 0, ""weightedCompletion"": 0.0, ""overallProgressPercent"": 0.0, ""actualScoreFromCompletedWork"": 0.0, ""projectedFinalScore"": 0.0, ""onTrackStatus"": ""Behind""}",699356577,0,,2025-09-24T16:49:39.773319
CRS261592,2025-09-24T16:49:39.773319,59.1,sc_8819a348,"{""totalAssignments"": 16, ""completedAssignments"": 8, ""pendingAssignments"": 0, ""futureAssignments"": 7, ""availableAssignments"": 9, ""completionRate"": 88.9, ""weightedCompletion"": 54.4, ""overallProgressPercent"": 50.0, ""actualScoreFromCompletedWork"": 59.1, ""projectedFinalScore"": 59.4, ""onTrackStatus"": ""On Track""}",699356577,1461,Steady,2025-09-24T16:49:39.773319
CRS831057,2025-09-24T16:49:39.773319,56.2,sc_4a7694b4,"{""totalAssignments"": 22, ""completedAssignments"": 4, ""pendingAssignments"": 4, ""futureAssignments"": 10, ""availableAssignments"": 12, ""completionRate"": 33.3, ""weightedCompletion"": 17.5, ""overallProgressPercent"": 18.2, ""actualScoreFromCompletedWork"": 56.2, ""projectedFinalScore"": 57.3, ""onTrackStatus"": ""Behind""}",699356577,682,Steady,2025-09-24T16:49:39.773319
CRS058797,2025-09-24T16:49:39.773319,0.0,sc_d8598028,"{""totalAssignments"": 8, ""completedAssignments"": 0, ""pendingAssignments"": 0, ""futureAssignments"": 8, ""availableAssignments"": 0, ""completionRate"": 0, ""weightedCompletion"": 0.0, ""overallProgressPercent"": 0.0, ""actualScoreFromCompletedWork"": 0.0, ""projectedFinalScore"": 0.0, ""onTrackStatus"": ""Behind""}",699356577,0,,2025-09-24T16:49:39.773319
CRS652689,2025-09-24T16:49:39.773319,0.0,sc_81850470,"{""totalAssignments"": 14, ""completedAssignments"": 0, ""pendingAssignments"": 0, ""futureAssignments"": 14, ""availableAssignments"": 0, ""completionRate"": 0, ""weightedCompletion"": 0.0, ""overallProgressPercent"": 0.0, ""actualScoreFromCompletedWork"": 0.0, ""projectedFinalScore"": 0.0, ""onTrackStatus"": ""Behind""}",699356577,0,,2025-09-24T16:49:39.773319
